bom,id,name,taxonomy_id,parent_id,parent_name,type,filter,filter_parent,filter_priority
,1,Emergency,101,,,service,FALSE,FALSE,
,2,Disaster Response,101-01,101,Emergency,service,FALSE,FALSE,
,3,Emergency Cash,101-02,101,Emergency,service,FALSE,FALSE,
,4,Help Pay for Food,101-02-01,101-02,Emergency Cash,service,FALSE,FALSE,
,5,Help Pay for Healthcare,101-02-02,101-02,Emergency Cash,service,FALSE,FALSE,
,6,Help Pay for Housing,101-02-03,101-02,Emergency Cash,service,FALSE,FALSE,
,7,Help Pay for Gas,101-02-04,101-02,Emergency Cash,service,FALSE,FALSE,
,8,Help Pay for School,101-02-05,101-02,Emergency Cash,service,FALSE,FALSE,
,9,Help Pay for Utilities,101-02-06,101-02,Emergency Cash,service,FALSE,FALSE,
,10,Emergency Food,101-03,101,Emergency,service,FALSE,FALSE,
,11,Emergency Shelter,101-04,101,Emergency,service,FALSE,FALSE,
,12,Help Find Missing Persons,101-05,101,Emergency,service,FALSE,FALSE,
,13,Immediate Safety,101-06,101,Emergency,service,FALSE,FALSE,
,14,Help Escape Violence,101-06-01,101-06,Immediate Safety,service,FALSE,FALSE,
,15,Safe Housing,101-06-02,101-06,Immediate Safety,service,FALSE,FALSE,
,16,Psychiatric Emergency Services,101-07,101,Emergency,service,FALSE,FALSE,
,17,Food,102,,,service,FALSE,FALSE,
,18,Community Gardens,102-01,102,Food,service,FALSE,FALSE,
,19,Emergency Food,102-02,102,Food,service,FALSE,FALSE,
,20,Food Delivery,102-03,102,Food,service,FALSE,FALSE,
,21,Food Pantry,102-04,102,Food,service,FALSE,FALSE,
,22,Free Meals,102-05,102,Food,service,FALSE,FALSE,
,23,Help Pay for Food,102-06,102,Food,service,FALSE,FALSE,
,24,Food Benefits,102-06-01,102-06,Help Pay for Food,service,FALSE,FALSE,
,25,Nutrition,102-07,102,Food,service,FALSE,FALSE,
,26,Housing,103,,,service,FALSE,FALSE,
,27,Emergency Shelter,103-01,103,Housing,service,FALSE,FALSE,
,28,Help Find Housing,103-02,103,Housing,service,FALSE,FALSE,
,29,Help Pay for Housing,103-03,103,Housing,service,FALSE,FALSE,
,30,Help Pay for Utilities,103-03-01,103-03,Help Pay for Housing,service,FALSE,FALSE,
,31,Help Pay for Internet or Phone,103-03-02,103-03,Help Pay for Housing,service,FALSE,FALSE,
,32,Home & Renters Insurance,103-03-03,103-03,Help Pay for Housing,service,FALSE,FALSE,
,33,Housing Vouchers,103-03-04,103-03,Help Pay for Housing,service,FALSE,FALSE,
,34,Maintenance & Repairs,103-04,103,Housing,service,FALSE,FALSE,
,35,Housing Advice,103-05,103,Housing,service,FALSE,FALSE,
,36,Foreclosure Counseling,103-05-01,103-05,Housing Advice,service,FALSE,FALSE,
,37,Homebuyer Education,103-05-02,103-05,Housing Advice,service,FALSE,FALSE,
,38,Residential Housing,103-06,103,Housing,service,FALSE,FALSE,
,39,Long-Term Housing,103-06-01,103-06,Residential Housing,service,FALSE,FALSE,
,40,Assisted Living,103-06-01-01,103-06-01,Long-Term Housing,service,FALSE,FALSE,
,41,Independent Living,103-06-01-02,103-06-01,Long-Term Housing,service,FALSE,FALSE,
,42,Nursing Home,103-06-01-03,103-06-01,Long-Term Housing,service,FALSE,FALSE,
,43,Public Housing,103-06-01-04,103-06-01,Long-Term Housing,service,FALSE,FALSE,
,44,Safe Housing,103-07,103,Housing,service,FALSE,FALSE,
,45,Housing Legal Services,103-08,103,Housing,service,FALSE,FALSE,
,46,Short-Term Housing,103-09,103,Housing,service,FALSE,FALSE,
,47,Nursing Home,103-09-01,103-09,Short-Term Housing,service,FALSE,FALSE,
,48,Sober Living,103-09-02,103-09,Short-Term Housing,service,FALSE,FALSE,
,49,Goods,104,,,service,FALSE,FALSE,
,50,Baby Supplies,104-01,104,Goods,service,FALSE,FALSE,
,51,Baby Clothes,104-01-01,104-01,Baby Supplies,service,FALSE,FALSE,
,52,Diapers & Formula,104-01-02,104-01,Baby Supplies,service,FALSE,FALSE,
,53,Pumping Equipment,104-01-03,104-01,Baby Supplies,service,FALSE,FALSE,
,54,Clothing,104-02,104,Goods,service,FALSE,FALSE,
,55,Baby Clothes,104-02-01,104-02,Clothing,service,FALSE,FALSE,
,56,Clothes for School,104-02-02,104-02,Clothing,service,FALSE,FALSE,
,57,Clothes for Work,104-02-03,104-02,Clothing,service,FALSE,FALSE,
,58,Clothing Vouchers,104-02-04,104-02,Clothing,service,FALSE,FALSE,
,59,Home Goods,104-03,104,Goods,service,FALSE,FALSE,
,60,Blankets & Fans,104-03-01,104-03,Home Goods,service,FALSE,FALSE,
,61,Books,104-03-02,104-03,Home Goods,service,FALSE,FALSE,
,62,Furniture,104-03-03,104-03,Home Goods,service,FALSE,FALSE,
,63,Home Fuels,104-03-04,104-03,Home Goods,service,FALSE,FALSE,
,64,Efficient Appliances,104-03-05,104-03,Home Goods,service,FALSE,FALSE,
,65,Personal Care Items,104-03-06,104-03,Home Goods,service,FALSE,FALSE,
,66,Supplies for Work,104-03-07,104-03,Home Goods,service,FALSE,FALSE,
,67,Medical Supplies,104-04,104,Goods,service,FALSE,FALSE,
,68,Assistive Technology,104-04-01,104-04,Medical Supplies,service,FALSE,FALSE,
,69,Toys & Gifts,104-05,104,Goods,service,FALSE,FALSE,
,70,Transit,105,,,service,FALSE,FALSE,
,71,Help Pay for Transit,105-01,105,Transit,service,FALSE,FALSE,
,72,Bus Passes,105-01-01,105-01,Help Pay for Transit,service,FALSE,FALSE,
,73,Help Pay for Gas,105-01-02,105-01,Help Pay for Transit,service,FALSE,FALSE,
,74,Transportation,105-02,105,Transit,service,FALSE,FALSE,
,75,Transportation for Healthcare,105-02-01,105-02,Transportation,service,FALSE,FALSE,
,76,Transportation for School,105-02-02,105-02,Transportation,service,FALSE,FALSE,
,77,Health,106,,,service,FALSE,FALSE,
,78,Substance Use Disorder,106-01,106,Health,service,TRUE,TRUE,900
,79,Treatment Setting,106-01-01,106-01,Substance Use Disorder,service,TRUE,FALSE,
,80,Outpatient Treatment,106-01-01-01,106-01-01,Treatment Setting,service,TRUE,FALSE,
,81,(Level 1) Regular Outpatient Treatment,106-01-01-01-01,106-01-01-01,Outpatient Treatment,service,TRUE,FALSE,
,82,(Level 2.1) Intensive Outpatient Treatment,106-01-01-01-02,106-01-01-01,Outpatient Treatment,service,TRUE,FALSE,
,83,(Level 2.5) Outpatient Day Treatment or partial hospitalization,106-01-01-01-03,106-01-01-01,Outpatient Treatment,service,TRUE,FALSE,
,84,Residential Treatment,106-01-01-02,106-01-01,Treatment Setting,service,TRUE,FALSE,
,85,Recovery Housing,106-01-01-02-01,106-01-01-02,Residential Treatment,service,TRUE,FALSE,
,86,(Level 3.1) Transitional housing or Halfway House,106-01-01-02-02,106-01-01-02,Residential Treatment,service,TRUE,FALSE,
,87,(Level 3.3) Residential Treatment,106-01-01-02-03,106-01-01-02,Residential Treatment,service,TRUE,FALSE,
,88,(Level 3.5) Residential Treatment,106-01-01-02-04,106-01-01-02,Residential Treatment,service,TRUE,FALSE,
,89,(Level 3.7) Residential Treatment,106-01-01-02-05,106-01-01-02,Residential Treatment,service,TRUE,FALSE,
,90,Hospital Inpatient Treatment,106-01-01-03,106-01-01,Treatment Setting,service,TRUE,FALSE,
,91,(Level 4) Hospital Inpatient,106-01-01-03-01,106-01-01-03,Hospital Inpatient Treatment,service,TRUE,FALSE,
,92,Type of Care,106-01-02,106-01,Substance Use Disorder,service,TRUE,FALSE,
,93,Medication-Assisted Treatment (MAT) Provided,106-01-02-01,106-01-02,Type of Care,service,TRUE,FALSE,
,94,Opioid Use Disorders,106-01-02-01-01,106-01-02-01,Medication-Assisted Treatment (MAT) Provided,service,TRUE,FALSE,
,95,Methadone,106-01-02-01-01-01,106-01-02-01-01,Opioid Use Disorders,service,TRUE,FALSE,
,96,Buprenorphine,106-01-02-01-01-02,106-01-02-01-01,Opioid Use Disorders,service,TRUE,FALSE,
,97,Naltrexone,106-01-02-01-01-03,106-01-02-01-01,Opioid Use Disorders,service,TRUE,FALSE,
,98,Alcohol Use Disorders,106-01-02-01-02,106-01-02-01,Medication-Assisted Treatment (MAT) Provided,service,TRUE,FALSE,
,99,Acamprosate,106-01-02-01-02-01,106-01-02-01-02,Alcohol Use Disorders,service,TRUE,FALSE,
,100,Disulfiram,106-01-02-01-02-02,106-01-02-01-02,Alcohol Use Disorders,service,TRUE,FALSE,
,101,Naltrexone,106-01-02-01-02-03,106-01-02-01-02,Alcohol Use Disorders,service,TRUE,FALSE,
,102,Nicotine Use Disorders,106-01-02-01-03,106-01-02-01,Medication-Assisted Treatment (MAT) Provided,service,TRUE,FALSE,
,103,Bupropion,106-01-02-01-03-01,106-01-02-01-03,Nicotine Use Disorders,service,TRUE,FALSE,
,104,(NRTs) Nicotine Replacement Therapies,106-01-02-01-03-02,106-01-02-01-03,Nicotine Use Disorders,service,FALSE,FALSE,
,105,Varenicline,106-01-02-01-03-03,106-01-02-01-03,Nicotine Use Disorders,service,TRUE,FALSE,
,106,Withdrawal Management,106-01-02-02,106-01-02,Type of Care,service,TRUE,FALSE,
,107,Behavioral Therapy,106-01-02-03,106-01-02,Type of Care,service,TRUE,FALSE,
,108,(ACT) Acceptance and Commitment Therapy,106-01-02-03-01,106-01-02-03,Behavioral Therapy,service,TRUE,FALSE,
,109,(CBT) Cognitive Behavioral Therapy,106-01-02-03-02,106-01-02-03,Behavioral Therapy,service,FALSE,FALSE,
,110,(MAT) Medicaiton Assisted Treatment,106-01-02-03-03,106-01-02-03,Behavioral Therapy,service,FALSE,FALSE,
,111,(MET) Motivational Enhancement Therapy,106-01-02-03-04,106-01-02-03,Behavioral Therapy,service,TRUE,FALSE,
,112,(MI) Motivational Interviewing,106-01-02-03-05,106-01-02-03,Behavioral Therapy,service,TRUE,FALSE,
,113,Psychoeducation,106-01-02-03-06,106-01-02-03,Behavioral Therapy,service,TRUE,FALSE,
,114,Psychotherapy,106-01-02-03-07,106-01-02-03,Behavioral Therapy,service,TRUE,FALSE,
,115,(RP) Relapse Prevention,106-01-02-03-08,106-01-02-03,Behavioral Therapy,service,TRUE,FALSE,
,116,(SFGT) Solution-Focused Group Therapy,106-01-02-03-09,106-01-02-03,Behavioral Therapy,service,FALSE,FALSE,
,117,(SE) Supportive Expressive Psychotherapy,106-01-02-03-10,106-01-02-03,Behavioral Therapy,service,TRUE,FALSE,
,118,Trauma Informed Treatment,106-01-02-03-11,106-01-02-03,Behavioral Therapy,service,TRUE,FALSE,
,119,Dental Care,106-02,106,Health,service,FALSE,FALSE,
,120,End-of-Life Care,106-03,106,Health,service,FALSE,FALSE,
,121,Bereavement,106-03-01,106-03,End-of-Life Care,service,FALSE,FALSE,
,122,Burial & Funeral Help,106-03-02,106-03,End-of-Life Care,service,FALSE,FALSE,
,123,Hospice,106-03-03,106-03,End-of-Life Care,service,FALSE,FALSE,
,124,Pain Management,106-03-04,106-03,End-of-Life Care,service,FALSE,FALSE,
,125,Health Education,106-04,106,Health,service,FALSE,FALSE,
,126,Daily Life Skills,106-04-01,106-04,Health Education,service,FALSE,FALSE,
,127,Disease Management,106-04-02,106-04,Health Education,service,FALSE,FALSE,
,128,Family Planning,106-04-03,106-04,Health Education,service,FALSE,FALSE,
,129,Nutrition,106-04-04,106-04,Health Education,service,FALSE,FALSE,
,130,Parenting Education,106-04-05,106-04,Health Education,service,FALSE,FALSE,
,131,Sex Education,106-04-06,106-04,Health Education,service,FALSE,FALSE,
,132,Understand Disability,106-04-07,106-04,Health Education,service,FALSE,FALSE,
,133,Understand Mental Health,106-04-08,106-04,Health Education,service,FALSE,FALSE,
,134,Help Pay for Healthcare,106-05,106,Health,service,FALSE,FALSE,
,135,Disability Benefits,106-05-01,106-05,Help Pay for Healthcare,service,FALSE,FALSE,
,136,Discounted Healthcare,106-05-02,106-05,Help Pay for Healthcare,service,FALSE,FALSE,
,137,Health Insurance,106-05-03,106-05,Help Pay for Healthcare,service,FALSE,FALSE,
,138,Medical Supplies,106-05-04,106-05,Help Pay for Healthcare,service,FALSE,FALSE,
,139,Prosthesis,106-05-04-01,106-05-04,Medical Supplies,service,FALSE,FALSE,
,140,Durable Medical Equipment,106-05-04-02,106-05-04,Medical Supplies,service,FALSE,FALSE,
,141,Prescription Assistance,106-05-05,106-05,Help Pay for Healthcare,service,FALSE,FALSE,
,142,Transportation for Healthcare,106-05-06,106-05,Help Pay for Healthcare,service,FALSE,FALSE,
,143,Medical Care,106-06,106,Health,service,FALSE,FALSE,
,144,Alternative Medicine,106-06-01,106-06,Medical Care,service,FALSE,FALSE,
,145,Assistive Technology,106-06-02,106-06,Medical Care,service,FALSE,FALSE,
,146,Birth Control,106-06-03,106-06,Medical Care,service,FALSE,FALSE,
,147,Checkup & Test,106-06-04,106-06,Medical Care,service,FALSE,FALSE,
,148,Disability Screening,106-06-04-01,106-06-04,Checkup & Test,service,FALSE,FALSE,
,149,Disease Screening,106-06-04-02,106-06-04,Checkup & Test,service,FALSE,FALSE,
,150,Hearing Tests,106-06-04-03,106-06-04,Checkup & Test,service,FALSE,FALSE,
,151,Mental Health Evaluation,106-06-04-04,106-06-04,Checkup & Test,service,FALSE,FALSE,
,152,Pregnancy Tests,106-06-04-05,106-06-04,Checkup & Test,service,FALSE,FALSE,
,153,Vision Tests,106-06-04-06,106-06-04,Checkup & Test,service,FALSE,FALSE,
,154,Exercise & Fitness,106-06-05,106-06,Medical Care,service,FALSE,FALSE,
,155,Fertility,106-06-06,106-06,Medical Care,service,FALSE,FALSE,
,156,Maternity Care,106-06-07,106-06,Medical Care,service,FALSE,FALSE,
,157,Skilled Nursing,106-06-08,106-06,Medical Care,service,FALSE,FALSE,
,158,Mental Health,106-07,106,Health,service,TRUE,TRUE,1100
,159,Treatment Setting,106-07-01,106-07,Mental Health,service,TRUE,FALSE,
,160,Outpatient Treatment,106-07-01-01,106-07-01,Treatment Setting,service,TRUE,FALSE,
,161,Integrated behavioral health programs,106-07-01-01-01,106-07-01-01,Outpatient Treatment,service,TRUE,FALSE,
,162,Mobile treatment services,106-07-01-01-02,106-07-01-01,Outpatient Treatment,service,TRUE,FALSE,
,163,Outpatient mental health centers,106-07-01-01-03,106-07-01-01,Outpatient Treatment,service,TRUE,FALSE,
,164,Psychiatric day treatment programs,106-07-01-01-04,106-07-01-01,Outpatient Treatment,service,TRUE,FALSE,
,165,Psychiatric rehabilitation program for adults,106-07-01-01-05,106-07-01-01,Outpatient Treatment,service,TRUE,FALSE,
,166,Intensive Outpatient Treatment,106-07-01-02,106-07-01,Treatment Setting,service,TRUE,FALSE,
,167,Intensive outpatient programs,106-07-01-02-01,106-07-01-02,Intensive Outpatient Treatment,service,TRUE,FALSE,
,168,Partial hospital programs,106-07-01-02-02,106-07-01-02,Intensive Outpatient Treatment,service,TRUE,FALSE,
,169,Hospital Treatment,106-07-01-03,106-07-01,Treatment Setting,service,TRUE,FALSE,
,170,Observation service,106-07-01-03-01,106-07-01-03,Hospital Treatment,service,TRUE,FALSE,
,171,Acute inpatient psychiatric hospitalization,106-07-01-03-02,106-07-01-03,Hospital Treatment,service,TRUE,FALSE,
,172,Residential Treatment,106-07-01-04,106-07-01,Treatment Setting,service,TRUE,FALSE,
,173,Group homes for adults with mental illness,106-07-01-04-01,106-07-01-04,Residential Treatment,service,TRUE,FALSE,
,174,Residential crisis services,106-07-01-04-02,106-07-01-04,Residential Treatment,service,TRUE,FALSE,
,175,Respite care services,106-07-01-04-03,106-07-01-04,Residential Treatment,service,TRUE,FALSE,
,176,Pharmacotherapies Available,106-07-02,106-07,Mental Health,service,FALSE,FALSE,
,177,Postnatal Care,106-08,106,Health,service,FALSE,FALSE,
,178,Prevent & Treat,106-09,106,Health,service,FALSE,FALSE,
,179,Counseling,106-09-01,106-09,Prevent & Treat,service,FALSE,FALSE,
,180,HIV Treatment,106-09-02,106-09,Prevent & Treat,service,FALSE,FALSE,
,181,Pain Management,106-09-03,106-09,Prevent & Treat,service,FALSE,FALSE,
,182,Disease Management,106-09-04,106-09,Prevent & Treat,service,FALSE,FALSE,
,183,Nursing Home,106-09-05,106-09,Prevent & Treat,service,FALSE,FALSE,
,184,Physical Therapy,106-09-06,106-09,Prevent & Treat,service,FALSE,FALSE,
,185,Specialized Therapy,106-09-07,106-09,Prevent & Treat,service,FALSE,FALSE,
,186,Vaccinations,106-09-08,106-09,Prevent & Treat,service,FALSE,FALSE,
,187,In-Home Support,106-09-09,106-09,Prevent & Treat,service,FALSE,FALSE,
,188,Residential Treatment,106-09-10,106-09,Prevent & Treat,service,TRUE,FALSE,
,189,Outpatient Treatment,106-09-11,106-09,Prevent & Treat,service,TRUE,FALSE,
,190,Hospital Treatment,106-09-12,106-09,Prevent & Treat,service,TRUE,FALSE,
,191,Primary Care,106-10,106,Health,service,FALSE,FALSE,
,192,Drug Testing,106-11,106,Health,service,FALSE,FALSE,
,193,Drug Testing-First Test,106-11-01,106-11,Drug Testing,service,FALSE,FALSE,
,194,Drug Testing-Confirmatory Test,106-11-02,106-11,Drug Testing,service,FALSE,FALSE,
,195,Drug Testing-Mobile Unit,106-11-03,106-11,Drug Testing,service,FALSE,FALSE,
,196,Drug Testing-Failed Attempt,106-11-04,106-11,Drug Testing,service,FALSE,FALSE,
,197,Drug Testing-Interpreter Services,106-11-05,106-11,Drug Testing,service,FALSE,FALSE,
,198,Vision Care,106-12,106,Health,service,FALSE,FALSE,
,199,Psychiatric Emergency Services,106-13,106,Health,service,FALSE,FALSE,
,200,Money,107,,,service,FALSE,FALSE,
,201,Financial Assistance,107-01,107,Money,service,FALSE,FALSE,
,202,Help Pay for Childcare,107-01-01,107-01,Financial Assistance,service,FALSE,FALSE,
,203,Help Pay for Food,107-01-02,107-01,Financial Assistance,service,FALSE,FALSE,
,204,Food Benefits,107-01-02-01,107-01-02,Help Pay for Food,service,FALSE,FALSE,
,205,Help Pay for Healthcare,107-01-03,107-01,Financial Assistance,service,FALSE,FALSE,
,206,Disability Benefits,107-01-03-01,107-01-03,Help Pay for Healthcare,service,FALSE,FALSE,
,207,Discounted Healthcare,107-01-03-02,107-01-03,Help Pay for Healthcare,service,FALSE,FALSE,
,208,Health Insurance,107-01-03-03,107-01-03,Help Pay for Healthcare,service,FALSE,FALSE,
,209,Medical Supplies,107-01-03-04,107-01-03,Help Pay for Healthcare,service,FALSE,FALSE,
,210,Prosthesis,107-01-03-04-01,107-01-03-04,Medical Supplies,service,FALSE,FALSE,
,211,Durable Medical Equipment,107-01-03-04-02,107-01-03-04,Medical Supplies,service,FALSE,FALSE,
,212,Prescription Assistance,107-01-03-05,107-01-03,Help Pay for Healthcare,service,FALSE,FALSE,
,213,Transportation for Healthcare,107-01-03-06,107-01-03,Help Pay for Healthcare,service,FALSE,FALSE,
,214,Help Pay for Housing,107-01-04,107-01,Financial Assistance,service,FALSE,FALSE,
,215,Help Pay for Utilities,107-01-04-01,107-01-04,Help Pay for Housing,service,FALSE,FALSE,
,216,Home & Renters Insurance,107-01-04-02,107-01-04,Help Pay for Housing,service,FALSE,FALSE,
,217,Maintenance & Repairs,107-01-04-03,107-01-04,Help Pay for Housing,service,FALSE,FALSE,
,218,Help Pay for School,107-01-05,107-01,Financial Assistance,service,FALSE,FALSE,
,219,Books,107-01-05-01,107-01-05,Help Pay for School,service,FALSE,FALSE,
,220,Clothes for School,107-01-05-02,107-01-05,Help Pay for School,service,FALSE,FALSE,
,221,Laundry for Students,107-01-05-03,107-01-05,Help Pay for School,service,FALSE,FALSE,
,222,Financial Aid & Loans,107-01-05-04,107-01-05,Help Pay for School,service,FALSE,FALSE,
,223,Transportation for School,107-01-05-05,107-01-05,Help Pay for School,service,FALSE,FALSE,
,224,Supplies for School,107-01-05-06,107-01-05,Help Pay for School,service,FALSE,FALSE,
,225,Help Pay for Transit,107-01-06,107-01,Financial Assistance,service,FALSE,FALSE,
,226,Help Pay for Gas,107-01-06-01,107-01-06,Help Pay for Transit,service,FALSE,FALSE,
,227,Bus Passes,107-01-06-02,107-01-06,Help Pay for Transit,service,FALSE,FALSE,
,228,Help Pay for Car,107-01-06-03,107-01-06,Help Pay for Transit,service,FALSE,FALSE,
,229,Help Pay for Work Expenses,107-01-07,107-01,Financial Assistance,service,FALSE,FALSE,
,230,Government Benefits,107-02,107,Money,service,FALSE,FALSE,
,231,Disability Benefits,107-02-01,107-02,Government Benefits,service,FALSE,FALSE,
,232,Food Benefits,107-02-02,107-02,Government Benefits,service,FALSE,FALSE,
,233,Retirement Benefits,107-02-03,107-02,Government Benefits,service,FALSE,FALSE,
,234,Understand Government Programs,107-02-04,107-02,Government Benefits,service,FALSE,FALSE,
,235,Unemployment Benefits,107-02-05,107-02,Government Benefits,service,FALSE,FALSE,
,236,Financial Education,107-03,107,Money,service,FALSE,FALSE,
,237,Credit Counseling,107-03-01,107-03,Financial Education,service,FALSE,FALSE,
,238,Foreclosure Counseling,107-03-02,107-03,Financial Education,service,FALSE,FALSE,
,239,Homebuyer Education,107-03-03,107-03,Financial Education,service,FALSE,FALSE,
,240,Savings Program,107-03-04,107-03,Financial Education,service,FALSE,FALSE,
,241,Insurance,107-04,107,Money,service,FALSE,FALSE,
,242,Health Insurance,107-04-01,107-04,Insurance,service,FALSE,FALSE,
,243,Home & Renters Insurance,107-04-02,107-04,Insurance,service,FALSE,FALSE,
,244,Tax Preparation,107-05,107,Money,service,FALSE,FALSE,
,245,Care,108,,,service,FALSE,FALSE,
,246,Adoption & Foster Care,108-01,108,Care,service,FALSE,FALSE,
,247,Adoption & Foster Placement,108-01-01,108-01,Adoption & Foster Care,service,FALSE,FALSE,
,248,Adoption & Foster Parenting,108-01-02,108-01,Adoption & Foster Care,service,FALSE,FALSE,
,249,Adoption Planning,108-01-03,108-01,Adoption & Foster Care,service,FALSE,FALSE,
,250,Post-Adoption Support,108-01-04,108-01,Adoption & Foster Care,service,FALSE,FALSE,
,251,Animal Welfare,108-02,108,Care,service,FALSE,FALSE,
,252,Community Support Services,108-03,108,Care,service,FALSE,FALSE,
,253,Computer or Internet Access,108-03-01,108-03,Community Support Services,service,FALSE,FALSE,
,254,Daytime Care,108-04,108,Care,service,FALSE,FALSE,
,255,Adult Daycare,108-04-01,108-04,Daytime Care,service,FALSE,FALSE,
,256,Afterschool Care,108-04-02,108-04,Daytime Care,service,FALSE,FALSE,
,257,Before School Care,108-04-03,108-04,Daytime Care,service,FALSE,FALSE,
,258,Childcare,108-04-04,108-04,Daytime Care,service,FALSE,FALSE,
,259,Help Find Childcare,108-04-04-01,108-04-04,Childcare,service,FALSE,FALSE,
,260,Help Pay for Childcare,108-04-04-02,108-04-04,Childcare,service,FALSE,FALSE,
,261,Day Camp,108-04-05,108-04,Daytime Care,service,FALSE,FALSE,
,262,Preschool,108-04-06,108-04,Daytime Care,service,FALSE,FALSE,
,263,Recreation,108-04-07,108-04,Daytime Care,service,FALSE,FALSE,
,264,Relief for Caregivers,108-04-08,108-04,Daytime Care,service,FALSE,FALSE,
,265,Childcare,108-05,108,Care,service,FALSE,FALSE,
,266,Bereavement,108-05-01,108-05,Childcare,service,FALSE,FALSE,
,267,Burial & Funeral Help,108-05-02,108-05,Childcare,service,FALSE,FALSE,
,268,Hospice,108-05-03,108-05,Childcare,service,FALSE,FALSE,
,269,Pain Management,108-05-04,108-05,Childcare,service,FALSE,FALSE,
,270,Navigating the System,108-06,108,Care,service,FALSE,FALSE,
,271,Help Fill out Forms,108-06-01,108-06,Navigating the System,service,FALSE,FALSE,
,272,Help Find Childcare,108-06-02,108-06,Navigating the System,service,FALSE,FALSE,
,273,Help Find Housing,108-06-03,108-06,Navigating the System,service,FALSE,FALSE,
,274,Help Find School,108-06-04,108-06,Navigating the System,service,FALSE,FALSE,
,275,Help Find Work,108-06-05,108-06,Navigating the System,service,FALSE,FALSE,
,276,Physical Safety,108-07,108,Care,service,FALSE,FALSE,
,277,Disaster Response,108-07-01,108-07,Physical Safety,service,FALSE,FALSE,
,278,Emergency Food,108-07-02,108-07,Physical Safety,service,FALSE,FALSE,
,279,Temporary Shelter,108-07-03,108-07,Physical Safety,service,FALSE,FALSE,
,280,Weather Relief,108-07-03-01,108-07-03,Temporary Shelter,service,FALSE,FALSE,
,281,Help Find Missing Persons,108-07-04,108-07,Physical Safety,service,FALSE,FALSE,
,282,Immediate Safety,108-07-05,108-07,Physical Safety,service,FALSE,FALSE,
,283,Help Escape Violence,108-07-05-01,108-07-05,Immediate Safety,service,FALSE,FALSE,
,284,Safe Housing,108-07-05-02,108-07-05,Immediate Safety,service,FALSE,FALSE,
,285,Residential Care,108-08,108,Care,service,FALSE,FALSE,
,286,Assisted Living,108-08-01,108-08,Residential Care,service,FALSE,FALSE,
,287,Residential Treatment,108-08-02,108-08,Residential Care,service,TRUE,FALSE,
,288,Nursing Home,108-08-03,108-08,Residential Care,service,FALSE,FALSE,
,289,Overnight Camp,108-08-04,108-08,Residential Care,service,FALSE,FALSE,
,290,Support Network,108-09,108,Care,service,FALSE,FALSE,
,291,Counseling,108-09-01,108-09,Support Network,service,FALSE,FALSE,
,292,Help Hotlines,108-09-02,108-09,Support Network,service,FALSE,FALSE,
,293,Home Visiting,108-09-03,108-09,Support Network,service,FALSE,FALSE,
,294,In-Home Support,108-09-04,108-09,Support Network,service,FALSE,FALSE,
,295,Mentoring,108-09-05,108-09,Support Network,service,FALSE,FALSE,
,296,One-on-One Support,108-09-06,108-09,Support Network,service,FALSE,FALSE,
,297,Peer Support,108-09-07,108-09,Support Network,service,FALSE,FALSE,
,298,Spiritual Support,108-09-08,108-09,Support Network,service,FALSE,FALSE,
,299,Support Groups,108-09-09,108-09,Support Network,service,FALSE,FALSE,
,300,12-Step,108-09-09-01,108-09-09,Support Groups,service,FALSE,FALSE,
,301,Bereavement,108-09-09-02,108-09-09,Support Groups,service,FALSE,FALSE,
,302,Parenting Education,108-09-09-03,108-09-09,Support Groups,service,FALSE,FALSE,
,303,Virtual Support,108-09-10,108-09,Support Network,service,FALSE,FALSE,
,304,Education,109,,,service,FALSE,FALSE,
,305,Help Find School,109-01,109,Education,service,FALSE,FALSE,
,306,Help Pay for School,109-02,109,Education,service,FALSE,FALSE,
,307,Books,109-02-01,109-02,Help Pay for School,service,FALSE,FALSE,
,308,Clothes for School,109-02-03,109-02,Help Pay for School,service,FALSE,FALSE,
,309,Financial Aid & Loans,109-02-04,109-02,Help Pay for School,service,FALSE,FALSE,
,310,Transportation for School,109-02-05,109-02,Help Pay for School,service,FALSE,FALSE,
,311,Supplies for School,109-02-06,109-02,Help Pay for School,service,FALSE,FALSE,
,312,More Education,109-03,109,Education,service,FALSE,FALSE,
,313,Alternative Education,109-03-01,109-03,More Education,service,FALSE,FALSE,
,314,Disaster Preparedness & Response,109-03-02,109-03,More Education,service,FALSE,FALSE,
,315,English as a Second Language (ESL),109-03-03,109-03,More Education,service,FALSE,FALSE,
,316,Financial Education,109-03-04,109-03,More Education,service,FALSE,FALSE,
,317,Credit Counseling,109-03-04-01,109-03-04,Financial Education,service,FALSE,FALSE,
,318,Foreclosure Counseling,109-03-04-02,109-03-04,Financial Education,service,FALSE,FALSE,
,319,Homebuyer Education,109-03-04-03,109-03-04,Financial Education,service,FALSE,FALSE,
,320,Foreign Languages,109-03-05,109-03,More Education,service,FALSE,FALSE,
,321,GED/High-School Equivalency,109-03-06,109-03,More Education,service,FALSE,FALSE,
,322,Health Education,109-03-07,109-03,More Education,service,FALSE,FALSE,
,323,Disease Management,109-03-07-01,109-03-07,Health Education,service,FALSE,FALSE,
,324,Family Planning,109-03-07-02,109-03-07,Health Education,service,FALSE,FALSE,
,325,Nutrition Education,109-03-07-03,109-03-07,Health Education,service,FALSE,FALSE,
,326,Parenting Education,109-03-07-04,109-03-07,Health Education,service,FALSE,FALSE,
,327,Sex Education,109-03-07-05,109-03-07,Health Education,service,FALSE,FALSE,
,328,Understand Disability,109-03-07-06,109-03-07,Health Education,service,FALSE,FALSE,
,329,Understand Mental Health,109-03-07-07,109-03-07,Health Education,service,FALSE,FALSE,
,330,Supported Employment,109-03-08,109-03,More Education,service,FALSE,FALSE,
,331,Special Education,109-03-09,109-03,More Education,service,FALSE,FALSE,
,332,Tutoring,109-03-10,109-03,More Education,service,FALSE,FALSE,
,333,Preschool,109-04,109,Education,service,FALSE,FALSE,
,334,Screening & Exams,109-05,109,Education,service,FALSE,FALSE,
,335,Citizenship & Immigration,109-05-01,109-05,Screening & Exams,service,FALSE,FALSE,
,336,GED/High-School Equivalency,109-05-02,109-05,Screening & Exams,service,FALSE,FALSE,
,337,English as a Second Language (ESL),109-05-03,109-05,Screening & Exams,service,FALSE,FALSE,
,338,Skills & Training,109-06,109,Education,service,FALSE,FALSE,
,339,Basic Literacy,109-06-01,109-06,Skills & Training,service,FALSE,FALSE,
,340,Computer Class,109-06-02,109-06,Skills & Training,service,FALSE,FALSE,
,341,Daily Life Skills,109-06-03,109-06,Skills & Training,service,FALSE,FALSE,
,342,Interview Training,109-06-04,109-06,Skills & Training,service,FALSE,FALSE,
,343,Resume Development,109-06-05,109-06,Skills & Training,service,FALSE,FALSE,
,344,Skills Assessment,109-06-06,109-06,Skills & Training,service,FALSE,FALSE,
,345,Specialized Training,109-06-07,109-06,Skills & Training,service,FALSE,FALSE,
,346,Work,110,,,service,FALSE,FALSE,
,347,Help Find Work,110-01,110,Work,service,FALSE,FALSE,
,348,Job Placement,110-01-01,110-01,Help Find Work,service,FALSE,FALSE,
,349,Supported Employment,110-01-02,110-01,Help Find Work,service,FALSE,FALSE,
,350,Help Pay for Work Expenses,110-02,110,Work,service,FALSE,FALSE,
,351,Clothes for Work,110-02-01,110-02,Help Pay for Work Expenses,service,FALSE,FALSE,
,352,Retirement Benefits,110-02-02,110-02,Help Pay for Work Expenses,service,FALSE,FALSE,
,353,Supplies for Work,110-02-03,110-02,Help Pay for Work Expenses,service,FALSE,FALSE,
,354,Unemployment Benefits,110-02-04,110-02,Help Pay for Work Expenses,service,FALSE,FALSE,
,355,Skills & Training,110-03,110,Work,service,FALSE,FALSE,
,356,Basic Literacy,110-03-01,110-03,Skills & Training,service,FALSE,FALSE,
,357,Computer Class,110-03-02,110-03,Skills & Training,service,FALSE,FALSE,
,358,GED/High-School Equivalency,110-03-03,110-03,Skills & Training,service,FALSE,FALSE,
,359,Interview Training,110-03-04,110-03,Skills & Training,service,FALSE,FALSE,
,360,Resume Development,110-03-05,110-03,Skills & Training,service,FALSE,FALSE,
,361,Skills Assessment,110-03-06,110-03,Skills & Training,service,FALSE,FALSE,
,362,Specialized Training,110-03-07,110-03,Skills & Training,service,FALSE,FALSE,
,363,Supported Employment,110-04,110,Work,service,FALSE,FALSE,
,364,Workplace Rights,110-05,110,Work,service,FALSE,FALSE,
,365,Legal,111,,,service,FALSE,FALSE,
,366,Advocacy & Legal Aid,111-01,111,Legal,service,FALSE,FALSE,
,367,Adoption & Foster Care,111-01-01,111-01,Advocacy & Legal Aid,service,FALSE,FALSE,
,368,Adoption & Foster Placement,111-01-01-01,111-01-01,Adoption & Foster Care,service,FALSE,FALSE,
,369,Adoption & Foster Parenting,111-01-01-02,111-01-01,Adoption & Foster Care,service,FALSE,FALSE,
,370,Adoption Planning,111-01-01-03,111-01-01,Adoption & Foster Care,service,FALSE,FALSE,
,371,Adoption Counseling,111-01-01-04,111-01-01,Adoption & Foster Care,service,FALSE,FALSE,
,372,Post-Adoption Support,111-01-01-05,111-01-01,Adoption & Foster Care,service,FALSE,FALSE,
,373,Citizenship & Immigration,111-01-02,111-01,Advocacy & Legal Aid,service,FALSE,FALSE,
,374,Discrimination & Civil Rights,111-01-03,111-01,Advocacy & Legal Aid,service,FALSE,FALSE,
,375,Guardianship,111-01-04,111-01,Advocacy & Legal Aid,service,FALSE,FALSE,
,376,Identification Recovery,111-01-05,111-01,Advocacy & Legal Aid,service,FALSE,FALSE,
,377,Understand Government Programs,111-01-06,111-01,Advocacy & Legal Aid,service,FALSE,FALSE,
,378,Workplace Rights,111-01-07,111-01,Advocacy & Legal Aid,service,FALSE,FALSE,
,379,Medical Legal,111-01-08,111-01,Advocacy & Legal Aid,service,FALSE,FALSE,
,380,Housing Legal,111-01-09,111-01,Advocacy & Legal Aid,service,FALSE,FALSE,
,381,Mediation,111-02,111,Legal,service,FALSE,FALSE,
,382,Notary,111-03,111,Legal,service,FALSE,FALSE,
,383,Representation,111-04,111,Legal,service,FALSE,FALSE,
,384,Translation & Interpretation,111-05,111,Legal,service,FALSE,FALSE,
,385,Age Group,112,,,situation,TRUE,TRUE,100
,386,All Ages,112-01,112,Age Group,situation,TRUE,FALSE,
,387,Adults (31-54 years old),112-02,112,Age Group,situation,TRUE,FALSE,
,388,Young Adults (20-30 years old),112-03,112,Age Group,situation,TRUE,FALSE,
,389,Teens (13-19 years old),112-04,112,Age Group,situation,TRUE,FALSE,
,390,Infants (0-1 years old),112-05,112,Age Group,situation,TRUE,FALSE,
,391,Children (2-12 years old),112-06,112,Age Group,situation,TRUE,FALSE,
,392,Seniors (55+ years old),112-07,112,Age Group,situation,TRUE,FALSE,
,393,Armed Forces,113,,,situation,FALSE,FALSE,
,394,Active Duty,113-01,113,Armed Forces,situation,FALSE,FALSE,
,395,National Guard,113-02,113,Armed Forces,situation,FALSE,FALSE,
,396,Veterans,113-03,113,Armed Forces,situation,FALSE,FALSE,
,397,Citizenship,114,,,situation,FALSE,FALSE,
,398,Immigrants,114-01,114,Citizenship,situation,FALSE,FALSE,
,399,Refugees,114-02,114,Citizenship,situation,FALSE,FALSE,
,400,Undocumented,114-03,114,Citizenship,situation,FALSE,FALSE,
,401,Criminal History,115,,,situation,FALSE,FALSE,
,402,Ex-Offenders,115-01,115,Criminal History,situation,FALSE,FALSE,
,403,In Jail,115-02,115,Criminal History,situation,FALSE,FALSE,
,404,Disability,116,,,situation,FALSE,FALSE,
,405,All Disabilities,116-01,116,Disability,situation,FALSE,FALSE,
,406,Learning Disability,116-02,116,Disability,situation,FALSE,FALSE,
,407,Developmental Disability,116-03,116,Disability,situation,FALSE,FALSE,
,408,Physical Disability,116-04,116,Disability,situation,FALSE,FALSE,
,409,Intellectual Disability,116-05,116,Disability,situation,FALSE,FALSE,
,410,Mentally Incapacitated,116-06,116,Disability,situation,FALSE,FALSE,
,411,Limited Mobility,116-07,116,Disability,situation,FALSE,FALSE,
,412,Hearing Impairment,116-08,116,Disability,situation,FALSE,FALSE,
,413,Visual Impairment,116-09,116,Disability,situation,FALSE,FALSE,
,414,Mental Illness,116-10,116,Disability,situation,TRUE,FALSE,
,415,Education,117,,,situation,FALSE,FALSE,
,416,Dropouts,117-01,117,Education,situation,FALSE,FALSE,
,417,Students,117-02,117,Education,situation,FALSE,FALSE,
,418,Employment,118,,,situation,FALSE,FALSE,
,419,Employed,118-01,118,Employment,situation,FALSE,FALSE,
,420,Retired,118-02,118,Employment,situation,FALSE,FALSE,
,421,Unemployed,118-03,118,Employment,situation,FALSE,FALSE,
,422,Gender & Sexuality,119,,,situation,TRUE,TRUE,200
,423,Women,119-01,119,Gender & Sexuality,situation,TRUE,FALSE,
,424,Men,119-02,119,Gender & Sexuality,situation,TRUE,FALSE,
,425,Transgender Woman,119-03,119,Gender & Sexuality,situation,TRUE,FALSE,
,426,Transgender Man,119-04,119,Gender & Sexuality,situation,TRUE,FALSE,
,427,Non-binary,119-05,119,Gender & Sexuality,situation,TRUE,FALSE,
,428,LGBTQ,119-06,119,Gender & Sexuality,situation,TRUE,FALSE,
,429,Guardianship,120,,,situation,FALSE,FALSE,
,430,Foster Youth,120-01,120,Guardianship,situation,FALSE,FALSE,
,431,Health Specialties,121,,,situation,FALSE,TRUE,300
,432,Pregnancy,121-01,121,Health Specialties,situation,TRUE,FALSE,
,433,Cancer,121-02,121,Health Specialties,situation,FALSE,FALSE,
,434,Alzheimers,121-03,121,Health Specialties,situation,FALSE,FALSE,
,435,Seizure Disorder,121-04,121,Health Specialties,situation,FALSE,FALSE,
,436,PTSD,121-05,121,Health Specialties,situation,FALSE,FALSE,
,437,Terminal Illness,121-06,121,Health Specialties,situation,TRUE,FALSE,
,438,HIV/AIDS,121-07,121,Health Specialties,situation,TRUE,FALSE,
,439,Neuromuscular Disease,121-08,121,Health Specialties,situation,FALSE,FALSE,
,440,Tobacco/Nicotine/Smoking,121-09,121,Health Specialties,situation,TRUE,FALSE,
,441,Opioid Use Disorder,121-10,121,Health Specialties,situation,TRUE,FALSE,
,442,Alcohol Use Disorder,121-11,121,Health Specialties,situation,TRUE,FALSE,
,443,Mental Illness,121-12,121,Health Specialties,situation,TRUE,FALSE,
,444,Chronic Illness,121-13,121,Health Specialties,situation,FALSE,FALSE,
,445,Genetic Disorder,121-14,121,Health Specialties,situation,FALSE,FALSE,
,446,Diabetes,121-15,121,Health Specialties,situation,FALSE,FALSE,
,447,Autism,121-16,121,Health Specialties,situation,FALSE,FALSE,
,448,Family Friendly,122,,,situation,TRUE,TRUE,400
,449,Families with Children,122-01,122,Family Friendly,situation,TRUE,FALSE,
,450,Single Mom,122-02,122,Family Friendly,situation,TRUE,FALSE,
,451,Single Dad,122-03,122,Family Friendly,situation,TRUE,FALSE,
,452,Housing,123,,,situation,FALSE,FALSE,
,453,Home Renters,123-01,123,Housing,situation,FALSE,FALSE,
,454,Homeless,123-02,123,Housing,situation,FALSE,FALSE,
,455,Near Homeless,123-03,123,Housing,situation,FALSE,FALSE,
,456,Runaways,123-04,123,Housing,situation,FALSE,FALSE,
,457,Income,124,,,situation,FALSE,FALSE,
,458,Benefit Recipients,124-01,124,Income,situation,FALSE,FALSE,
,459,Low-Income,124-02,124,Income,situation,FALSE,FALSE,
,460,Insurance Accepted,125,,,situation,TRUE,TRUE,500
,461,Uninsured (pay out of pocket),125-01,125,Insurance Accepted,situation,TRUE,FALSE,
,462,Medicaid,125-02,125,Insurance Accepted,situation,TRUE,FALSE,
,463,Medicare,125-03,125,Insurance Accepted,situation,TRUE,FALSE,
,464,Tricare,125-04,125,Insurance Accepted,situation,TRUE,FALSE,
,465,Private,125-05,125,Insurance Accepted,situation,TRUE,FALSE,
,466,Languages,126,,,situation,TRUE,TRUE,600
,467,Spanish-Fluent Provider,126-01,126,Languages,situation,TRUE,FALSE,
,468,ASL-Fluent Provider,126-02,126,Languages,situation,TRUE,FALSE,
,469,Web-based Translation,126-03,126,Languages,situation,TRUE,FALSE,
,470,Race/Ethnicity,127,,,situation,FALSE,FALSE,
,471,African American,127-01,127,Race/Ethnicity,situation,FALSE,FALSE,
,472,Asian,127-02,127,Race/Ethnicity,situation,FALSE,FALSE,
,473,Latinx,127-03,127,Race/Ethnicity,situation,FALSE,FALSE,
,474,Native American,127-04,127,Race/Ethnicity,situation,FALSE,FALSE,
,475,Role,128,,,situation,FALSE,FALSE,
,476,Caregivers,128-01,128,Role,situation,FALSE,FALSE,
,477,Spouses,128-02,128,Role,situation,FALSE,FALSE,
,478,Dependents,128-03,128,Role,situation,FALSE,FALSE,
,479,Fathers,128-04,128,Role,situation,FALSE,FALSE,
,480,Mothers,128-05,128,Role,situation,FALSE,FALSE,
,481,Parents,128-06,128,Role,situation,FALSE,FALSE,
,482,Survivors,129,,,situation,FALSE,FALSE,
,483,All Survivors,129-01,129,Survivors,situation,FALSE,FALSE,
,484,Trauma Survivors,129-02,129,Survivors,situation,FALSE,FALSE,
,485,Abuse or Neglect Survivors,129-03,129,Survivors,situation,FALSE,FALSE,
,486,Burn Survivors,129-04,129,Survivors,situation,FALSE,FALSE,
,487,Cancer Survivors,129-05,129,Survivors,situation,FALSE,FALSE,
,488,Childhood Cancer Survivors,129-06,129,Survivors,situation,FALSE,FALSE,
,489,Young Adult Cancer Survivors,129-07,129,Survivors,situation,FALSE,FALSE,
,490,Adult Cancer Survivors,129-08,129,Survivors,situation,FALSE,FALSE,
,491,Domestic Violence Survivors,129-09,129,Survivors,situation,FALSE,FALSE,
,492,Human Trafficking Survivors,129-10,129,Survivors,situation,FALSE,FALSE,
,493,Natural Disaster Survivors,129-11,129,Survivors,situation,FALSE,FALSE,
,494,Sexual Assault Survivors,129-12,129,Survivors,situation,FALSE,FALSE,
,495,Documents Needed,130,,,situation,TRUE,TRUE,700
,496,No ID Required,130-01,130,Documents Needed,situation,TRUE,FALSE,
,497,No Referral Required,130-02,130,Documents Needed,situation,FALSE,FALSE,
,498,State ID Required,130-03,130,Documents Needed,situation,FALSE,FALSE,
,499,Social Security Required,130-04,130,Documents Needed,situation,FALSE,FALSE,
,500,Pay Stub Required,130-05,130,Documents Needed,situation,FALSE,FALSE,
,501,Proof of Residence Required,130-06,130,Documents Needed,situation,FALSE,FALSE,
,502,Insurance Card Required,130-07,130,Documents Needed,situation,FALSE,FALSE,
,503,Special Hours,131,,,situation,TRUE,TRUE,800
,504,Walk-In Hours Provided,131-01,131,Special Hours,situation,TRUE,FALSE,
,505,Evening Hours Provided,131-02,131,Special Hours,situation,TRUE,FALSE,
,506,Weekend Hours Provided,131-03,131,Special Hours,situation,TRUE,FALSE,
,507,Substance Use Treatment Preferences,132,,,situation,TRUE,TRUE,1000
,508,Prayer Not Required,132-01,132,Substance Use Treatment Preferences,situation,TRUE,FALSE,
,509,Smoking Allowed,132-02,132,Substance Use Treatment Preferences,situation,TRUE,FALSE,
,510,Children Allowed,132-03,132,Substance Use Treatment Preferences,situation,TRUE,FALSE,
,511,Pregnant Women Specialized Care,132-04,132,Substance Use Treatment Preferences,situation,TRUE,FALSE,
,512,Forensic (Court Ordered) Clients Served,132-05,132,Substance Use Treatment Preferences,situation,TRUE,FALSE,
,513,Co-occurring Mental Health Treatment Provided,132-06,132,Substance Use Treatment Preferences,situation,TRUE,FALSE,
,514,Blackout Period Required,132-07,132,Substance Use Treatment Preferences,situation,TRUE,FALSE,
,515,Cell-Phone Allowed,132-08,132,Substance Use Treatment Preferences,situation,TRUE,FALSE,
,516,Case Management Services Provided,132-09,132,Substance Use Treatment Preferences,situation,TRUE,FALSE,
,517,Support Groups Services Provided,132-10,132,Substance Use Treatment Preferences,situation,TRUE,FALSE,
