211 Code,211 Name,Open Eligibility Name,taxonomy_id,,BCHD Approval ,,,,
BD,Food,Food,102,,,,,,
BD-1800,Emergency Food,Emergency Food,101-03,,,,,,
,Emergency Food,Emergency Food,102-02,,,,,,
BD-1800.1500,,,,,,,,,
BD-1800.1900,,,,,,,,,
BD-1800.2000,Food Pantries,Food Pantry,102-04,,"Add ""Emergency Food"" codes",,,,
BD-1800.2250,Food Vouchers,Help Pay for Food,102-06,,"Add additional ""Help pay for food"" codes",,,,
BD-1800.8200,Specialty Food Providers,Food,102,,,,,,
BD-1800.8200-250,Formula/Baby Food,Diapers & Formula,104-01-02,,Yes,,,,
BD-1800.8200-400,Liquid Nutrition Supplements,Nutrition,102-07,,,,,,
BD-1875.2000,Food Banks/Food Distribution Warehouses,Food Pantry,102-04,,"Add ""Emergency Food"" codes",,,,
BD-2400,Food Outlets,Food,102,,,,,,
BD-2400.2500,Food Cooperatives,Food Pantry,102-04,,Yes,,,,
BD-2400.2590,Grocery Ordering/Delivery,Food Delivery,102-03,,Yes,,,,
BD-2600.1500*,Community Gardening,Community Gardens,102-01,*Listed as BD-2600.0500 on doc of current codes,Yes,,,,
BD-5000,Meals,Free Meals,102-05,,Yes,,,,
BD-5000.1500,Congregate Meals/Nutrition Sites,Nutrition,102-07,,Yes,,,,
BD-5000.3500,Home Delivered Meals,Food Delivery,102-03,,Yes,,,,
BD-5000.4500,,,,,,,,,
BD-5000.8300,Soup Kitchens,Free Meals,102-05,,"Add ""Emergency Food"" codes; add ""Free meals"" codes",,,,
BD-5000.8500,Summer Food Service Programs,Free Meals,102-05,,"Add ""Emergency Food"" codes",,,,
BH,Housing/Shelter,Housing,103,,"Add additional ""housing"" codes",,,,
BH-0500,At Risk/Homeless Housing Related Assistance Programs,Help Find Housing,103-02,,"Add additional ""housing"" codes",,,,
,,Help Pay for Utilities,103-03-01,,"Add additional ""housing"" codes",,,,
,,Help Pay for Internet or Phone,103-03-02,,"Add additional ""housing"" codes",,,,
,,Home & Renters Insurance,103-03-03,,"Add additional ""housing"" codes",,,,
,,Housing Vouchers,103-03-04,,"Add additional ""housing"" codes",,,,
BH-1800,Emergency Shelter,Emergency Shelter,103-01,,,,,,
,,Emergency Shelter,101-04,,,,,,
BH-1800.1500,Crisis Shelter,Immediate Safety,101-06,,"Add ""Emergency shelter""; add ""temporary shelter""",,,,
BH-1800.1500-100,Domestic Violence Shelters,Help Escape Violence,101-06-01,,"Add additional ""safe housing"" codes",,,,
,,Safe Housing,103-07,,,,,,
BH-1800.1500-200,,,,,,,,,
BH-1800.1500-700,,,,,,,,,
BH-1800.3500,Homeless Drop In Centers,Housing,103,Short-Term Housing,103-09,,,,
BH-1800.8500,Homeless Shelter,Housing,103,Short-Term Housing,103-09,,,,
BH-1800.8500-185,Extreme Weather Shelters,Emergency Shelter,103-01,,,,,,
BH-1800.8500-500,,,,,,,,,
BH-3000,Home Improvement/Accessibility,Maintenance & Repairs,103-04,,"Add additional ""Maintenance & Repairs"" code",,,,
BH-3000.1800,Energy/Water Conservation Improvements,Maintenance & Repairs,103-04,,,,,,
BH-3000.1800-950,Weatherization Programs,Maintenance & Repairs,103-04,,,,,,
BH-3000.3500,Home Barrier Evaluation/Removal Services,Maintenance & Repairs,103-04,,,,,,
BH-3000.3500-750,,,,,,,,,
BH-3000.3540,,,,,,,,,
BH-3000.3550,,,,,,,,,
BH-3000.3550-350,,,,,,,,,
BH-3000.3550-360,,,,,,,,,
BH-3000.3550-390,,,,,,,,,
BH-3500,Home Purchase/Construction Financing/Refinancing,Help Pay for Housing,103-03,,Yes,,,,
BH-3500.3400,,,,,,,,,
BH-3500.3400-250,,,,,,,,,
BH-3500.3400-450,,,,,,,,,
BH-3700,Housing Counseling,Housing Advice,103-05,Homebuyer Education,107-03-03,,,,
BH-3700.3000,,,,,,,,,
BH-3800,Housing Expense Assistance,Help Pay for Housing,107-01-04,,Yes,,,,
BH-3800.5000,Mortgage Payment Assistance,Help Pay for Housing,107-01-04,,Yes,,,,
BH-3800.6500,Property Tax Payment Assistance,Help Pay for Housing,107-01-04,,Yes,,,,
BH-3800.7000,Rent Payment Assistance,Help Pay for Housing,107-01-04,,Yes,,,,
BH-3800.7250,Rental Deposit Assistance,Help Pay for Housing,107-01-04,,Yes,,,,
BH-3900,,,,,,,,,
BH-3900.3000,,,,,,,,,
BH-3900.3050,,,,,,,,,
BH-3900.3050-440,,,,,,,,,
BH-3900.3050-750,,,,,,,,,
BH-3900.3100,,,,,,,,,
BH-3900.7000,,,,,,,,,
BH-3900.7000-750,,,,,,,,,
BH-3900.7500,,,,,,,,,
BH-6900,,,,,,,,,
BH-7000,Residential Housing Options,Residential Housing,103-06,,Yes,,,,
BH-7000.4600*,Low Income/Subsidized Rental Housing,,,"*This code only showed up on doc from Doug, but as either BH-7000.4600-600 or -700",,,,,
BH-7000.5100-330,Independent Living Communities/Complexes,Independent Living,103-06-01-02,,Yes,,,,
BH-7000.8100*,Subsidized Home Acquisition,,,*This code only shows up as BH-7000.8100-400 on Doug's doc,,,,,
BH-8300,,,,,,,,,
BH-8300.3000,,,,,,,,,
BH-8400,Supportive Housing,Nursing Home,108-08-03,Group homes for adults with mental illness,106-07-01-04-01,,,,
BH-8400.6000,Older Adult/Disability Related Supportive Housing,Nursing Home,103-06-01-03,Assisted Living,108-08-01,,,,
,,Nursing Home,103-09-01,Assisted Living,108-08-01,,,,
BH-8400.6000-020,Adult Foster Homes,Nursing Home,108-08-03,,,,,,
BH-8400.6000-040,,,,,,,,,
BH-8400.6000-060,Assisted Living Facilities,Assisted Living,103-06-01-01,,,,,,
BH-8400.6000-150,,,,,,,,,
BH-8400.6000-280,,,,,,,,,
BH-8500,,,,,,,,,
BH-8500.7000,,,,,,,,,
BH-8500.8000,,,,,,,,,
BH-8600,Transitional Housing/Shelter,Short-Term Housing,103-09,,,,,,
BM-0500,Automobiles,Transportation,105-02,,,,,,
BM-1700,,,,,,,,,
BM-3000,Household Goods,Home Goods,104-03,,,,,,
BM-3000.0500,Appliances,Efficient Appliances,104-03-05,,,,,,
BM-3000.0500-250,,,,,,,,,
BM-3000.1000,,,,,,,,,
BM-3000.2000,Furniture,Furniture,104-03-03,,,,,,
BM-3000.2000-100,Baby Furniture,Furniture,104-03-03,,,,,,
BM-3000.3000,,,,,,,,,
BM-3000.4000,,,,,,,,,
BM-6000.1500,Computer Distribution Programs,Computer or Internet Access,108-03-01,,,,,,
BM-6000.1550,,,,,,,,,
BM-6000.2000,,,,,,,,,
BM-6500,Personal Goods/Services,Personal Care Items,104-03-06,,,,,,
BM-6500.1500,Clothing,Clothing,104-02,,,,,,
BM-6500.1500-100,Baby Clothing,Baby Clothes,104-02-01,,"Add additional ""baby clothes"" code",,,,
BM-6500.1500-120,Children's Clothing,Clothing,104-02,Clothes for School,107-01-05-02,,,,
BM-6500.1500-130,,,,,,,,,
BM-6500.1500-150,Diapers,Baby Supplies,104-01,Diapers & Formula,104-01-02,,,,
BM-6500.1500-250,General Clothing Provision,Clothing,104-02,,,,,,
BM-6500.1500-800,School Clothing,Clothes for School,104-02-02,Clothes for School,107-01-05-02,,,,
BM-6500.1500-830,,,,,,,,,
BM-6500.1500-920,Winter Clothing,Clothing,104-02,,,,,,
BM-6500.1500-950,Work Clothing,Clothes for Work,104-02-03,,,,,,
BM-6500.1550,,,,,,,,,
BM-6500.6500,,,,,,,,,
BM-6500.6500-450,,,,,,,,,
BM-6500.6500-710,,,,,,,,,
BM-6500.6500-830,,,,,,,,,
BM-7000,,,,,,,,,
BM-8500,Thrift Shops,Clothing,104-02,,,,,,
BT-4500.4500,,,,,,,,,
BT-4500.6500,Paratransit Programs,Disability Benefits,107-01-03-01,,,,,,
BT-4500.6500-170,Disability Related Transportation,Disability Benefits,107-01-03-01,,,,,,
BT-4500.6500-180,,,,,,,,,
BT-4500.6500-350,,,,,,,,,
BT-4500.6500-500,Non-Emergency Medical Transportation,Transportation for Healthcare,105-02-01,Transit,105,Help Pay for Transit,107-01-06,,
BT-4500.6500-800,Senior Ride Programs,Transportation for Healthcare,107-01-03-06,Transit,105,Help Pay for Transit,107-01-06,,
BT-4500.6500-830,,,,,,,,,
BT-4800,,,,,,,,,
BT-4800.0500-060,,,,,,,,,
BT-4800.0500-080,,,,,,,,,
BT-8300,Transportation Expense Assistance,Help Pay for Transit,105-01,,,"Add additional ""help pay for transit"" codes",,,
BT-8300.2500,,,,,,,,,
BT-8500,,,,,,,,,
BT-8500.1000,,,,,,,,,
BT-8750,Travelers Assistance,,,,,,,,
BT-8750.8500,,,,,,,,,
BV-8900,Utility Assistance,Help Pay for Utilities,101-02-06,,,"Add additional ""Help pay for utilities"" codes",,,
BV-8900.9150,,,,,,,,,
BV-8900.9300,Utility Service Payment Assistance,Help Pay for Utilities,107-01-04-01,,,"Add additional ""help pay for utilities"" codes",,,
BV-8900.9300-180,Electric Service Payment Assistance,Help Pay for Utilities,107-01-04-01,,,"Add additional ""help pay for utilities"" codes",,,
BV-8900.9300-250,Gas Service Payment Assistance,Help Pay for Gas,107-01-06-01,,,"Add additional ""help pay for utilities"" codes",,,
BV-8900.9300-300,Heating Fuel Payment Assistance,Home Fuels,104-03-04,,,"Add additional ""help pay for utilities"" codes",,,
BV-8900.9300-850,,,,,,,,,
BV-8900.9300-950,Water Service Payment Assistance,Help Pay for Utilities,107-01-04-01,,,"Add additional ""help pay for utilities"" codes",,,
BV-9000,Utility Service Providers,Help Pay for Utilities,107-01-04-01,,,,,,
BV-9000.8750,,,,,,,,,
BV-9000.9500,,,,,,,,,
DD-1200,,,,,,,,,
DD-1200.9000-800,,,,,,,,,
DD-1500,Consumer Complaints,,,,,,,,
DD-1500.1500,,,,,,,,,
DD-1500.3500,,,,,,,,,
DD-1500.3750,,,,,,,,,
DD-1500.4150,,,,,,,,,
DD-1500.4280-280,,,,,,,,,
DD-1500.4450,,,,,,,,,
DD-1500.4650,,,,,,,,,
DD-1500.4800,,,,,,,,,
DD-1500.4800-300,,,,,,,,,
DD-1500.8670,,,,,,,,,
DD-1500.9650,,,,,,,,,
DD-1800,,,,,,,,,
DD-2100,Consumer Protection Agencies,,,,,,,,
DF-4500,Licensing/Certification/Accreditation,,,,,,,,
DF-4500.2000-130,Facility Licensing,,,"*Only have code/name for DF-4500.2000, not for DF-4500.2000-130",,,,,
DF-4500.2000-200,Facility Licensing,,,"*Only have code/name for DF-4500.2000, not for DF-4500.2000-200",,,,,
DF-7000,Records/Licenses/Permits,,,,,,,,
DF-7000.1200,,,,,,,,,
DF-7000.1700-300,,,,,,,,,
DF-7000.1850-180,,,,,,,,,
DF-7000.3300,,,,,,,,,
DF-7000.4590-250,,,,,,,,,
DF-7000.4590-700,,,,,,,,,
DF-8000,,,,,,,,,
DF-8000.1600,,,,,,,,,
DF-8000.1600-200,,,,,,,,,
DF-8000.9000-300,,,,,,,,,
DM-1500.1500,,,,,,,,,
DM-1800,Debt Management,Financial Education,107-03,,,,,,
DM-1800.1000,Bankruptcy Assistance,Financial Assistance,107-01,,,,,,
DM-1800.1700,Debt Consolidation Services,Financial Assistance,107-01,,,,,,
DM-1800.5000,Mortgage Delinquency and Default Counseling,Financial Education,107-03,,,,,,
DM-4000,,,,,,,,,
DM-6500,Personal Financial Counseling,Financial Education,107-03,,,,,,
DM-7000,Representative Payee Services,Financial Assistance,107-01,,,,,,
DT-8400.8500,,,,,,,,,
DT-8600,,,,,,,,,
DT-8700,Tax Information,Tax Preparation,107-05,,,,,,
DT-8700.2000-180,,,,,,,,,
DT-8800,Tax Preparation Assistance,Tax Preparation,107-05,,,,,,
DT-8800.0100-100,,,,,,,,,
DT-8800.8500,,,,,,,,,
DT-8800.9300,,,,,,,,,
DT-8800.9300-930,,,,,,,,,
FC-1300.6500-250,,,,,,,,,
FC-8200,,,,,,,,,
FC-8200.8100-140,,,,,,,,,
FF-0500.1250-950,,,,,,,,,
FF-0500.1800,,,,,,,,,
FF-0500.1800-350,,,,,,,,,
FF-0500.3300,,,,,,,,,
FF-1500.3500,,,,,,,,,
FF-1500.6450,,,,,,,,,
FF-1850,,,,,,,,,
FF-1900,Ex-Offender Reentry Programs,Criminal History,115,,,,,,
FF-3300,Inmate Support Services,Criminal History,115,,,,,,
FF-3300.3350,,,,,,,,,
FF-3300.3360,,,,,,,,,
FF-3300.3400,,,,,,,,,
FJ-1500,,,,,,,,,
FJ-1600.1550,,,,,,,,,
FJ-6700,,,,,,,,,
FJ-6700.6500,,,,,,,,,
FL-2000,,,,,,,,,
FL-6500,,,,,,,,,
FL-8200,,,,,,,,,
FN-1300,,,,,,,,,
FN-1300.1800,,,,,,,,,
FN-1500,Crime Prevention,Physical Safety,108-07,,,,,,
FN-1500.1480,,,,,,,,,
FN-1500.1480-100,,,,,,,,,
FN-1500.1480-150,,,,,,,,,
FN-1500.1480-200,,,,,,,,,
FN-1500.1550,,,,,,,,,
FN-1500.1550-600,,,,,,,,,
FN-1500.1900,Family Violence Prevention,Help Escape Violence,108-07-05-01,,,,,,
FN-1500.1900-150,Child Abuse Prevention,Abuse or Neglect Survivors,129-03,,,,,,
FN-1500.1900-800,,,,,,,,,
FN-1500.2150,,,,,,,,,
FN-1500.2570,,,,,,,,,
FN-1500.3600,Juvenile Delinquency Prevention,,,,,,,,
FN-1500.8100,,,,,,,,,
FN-1500.8150,,,,,,,,,
FN-1500.9100-180,Domestic Violence Intervention Programs,Domestic Violence Survivors,129-09,,,,,,
FN-1500.9700,,,,,,,,,
FN-1700,Crime Reporting,Legal,111,,,,,,
FN-1700.9500,,,,,,,,,
FN-1900,Crime Victim Support,All Survivors,129-01,,,,,,
FN-1900.0500,,,,,,,,,
FN-1900.2500,,,,,,,,,
FN-2100,,,,,,,,,
FN-2300,,,,,,,,,
FN-4000,,,,,,,,,
FN-5000,Missing Persons Location Assistance,Help Find Missing Persons,101-05,,,,,,
,Missing Persons Location Assistance,Help Find Missing Persons,108-07-04,,,,,,
FP-0500,Advocacy,Advocacy & Legal Aid,111-01,,,,,,
FP-0500.2500,,,,,,,,,
FP-0500.3300,,,,,,,,,
FP-0500.4500,,,,,,,,,
FP-0700,Alternative Dispute Resolution,Mediation,111-02,,,,,,
FP-0700.5000,Mediation,Mediation,111-02,,,,,,
FP-2000,,,,,,,,,
FP-4000,,,,,,,,,
FP-4500,,,,,,,,,
FT-1000,Benefits Assistance,Unemployment Benefits,107-02-05,Retirement Benefits,107-02-03,Food Benefits,107-02-02,Disability Benefits,107-02-01
FT-1000.9000,Veteran Benefits Assistance,Government Benefits,107-02,Veterans,113-03,,,,
FT-1000.9500,,,,,,,,,
FT-1010.1700-050,,,,,,,,,
FT-1020,Certificates/Forms Assistance,,,,,,,,
FT-1070,Consumer Law,Legal,111,,,,,,
FT-1500,Criminal Law,Legal,111,,,,,,
FT-1800,Discrimination Assistance,Discrimination & Civil Rights,111-01-03,,,,,,
FT-1800.1850,,,,,,,,,
FT-1800.3000,,,,,,,,,
FT-2700,,,,,,,,,
FT-2700.4400,,,,,,,,,
FT-2700.9500,,,,,,,,,
FT-3000,Family Law,Legal,111,,,,,,
FT-3000.1500,,,,,,,,,
FT-3000.1600,Child Support Assistance/Enforcement,Legal,111,,,,,,
FT-3000.1700,,,,,,,,,
FT-3000.1700-200,,,,,,,,,
FT-3000.1750,Domestic/Family Violence Legal Services,Legal,111,,,,,,
FT-3000.2500,,,,,,,,,
FT-3200,General Legal Aid,Legal,111,,,,,,
FT-3500,,,,,,,,,
FT-3550,,,,,,,,,
FT-3550.3200,,,,,,,,,
FT-3600,Immigration/Naturalization Legal Services,Citizenship & Immigration,111-01-02,,,,,,
FT-3600.3300,,,,,,,,,
FT-3600.6000-150,,,,,,,,,
FT-3600.6000-180,,,,,,,,,
FT-3900.3300,,,,,,,,,
FT-4150,Labor and Employment Law,Workplace Rights,111-01-07,,,,,,
FT-4200,,,,,,,,,
FT-4500,Landlord/Tenant Assistance,Housing Legal,111-01-09,,,,,,
FT-4500.1800,,,,,,,,,
FT-4800,Lawyer Referral Services,Legal,111,,,,,,
FT-5900,,,,,,,,,
FT-6200,Patient Rights Assistance,Medical Legal,111-01-08,,,,,,
FT-6900,Probate Assistance,Legal,111,,,,,,
FT-6900.2500,,,,,,,,,
FT-6940,Protective/Restraining Orders,Legal,111,,,,,,
FT-6940.1900-150,,,,,,,,,
FT-6940.1900-200,,,,,,,,,
FT-6940.1900-650,,,,,,,,,
FT-6940.1900-850,,,,,,,,,
FT-8000,School System Advocacy,Education,109,,,,,,
FT-8000.8000,,,,,,,,,
FT-9200,,,,,,,,,
FT-9700,,,,,,,,,
H,Education,Education,109,Students,117-02,,,,
HD-0500,Alternative Education,Alternative Education,109-03-01,,,,,,
HD-0500.2050,,,,,,,,,
HD-0500.3000,,,,,,,,,
HD-1800,Early Childhood Education,Education,109,Preschool,109-04,,,,
HD-1800.1800,,,,,,,,,
HD-1800.3000,,,,,,,,,
HD-1800.6500,,,,,,,,,
HD-6000,Postsecondary Institutions,Education,109,,,,,,
HD-6000.1300,,,,,,,,,
HD-6000.1300-650,,,,,,,,,
HD-6000.1400,,,,,,,,,
HD-6000.1500,,,,,,,,,
HD-6000.8000,,,,,,,,,
HD-8000,Public Schools,Education,109,,,,,,
HD-8000.1800,,,,,,,,,
HD-8000.1800-400,,,,,,,,,
HD-8000.8100,,,,,,,,,
HH-0500,Adult Education,Education,109,GED/High-School Equivalency,109-05-02,,,,
HH-0500.0500,Adult Basic Education,Education,109,GED/High-School Equivalency,109-05-02,,,,
HH-0500.1500,,,,,,,,,
HH-0500.1600,,,,,,,,,
HH-0500.1600-650,,,,,,,,,
HH-0500.2500,Graduation Requirements Programs,Education,109,GED/High-School Equivalency,109-05-02,,,,
HH-0500.2500-050,,,,,,,,,
HH-0500.2500-250,,,,,,,,,
HH-0500.2500-270,,,,,,,,,
HH-0500.8000-150,English as a Second Language,English as a Second Language (ESL),109-03-03,,,,,,
,English as a Second Language,English as a Second Language (ESL),109-05-03,,,,,,
HH-1600,,,,,,,,,
HH-1600.1600,,,,,,,,,
HH-2500.2500,,,,,,,,,
HH-3300.1800-150,,,,,,,,,
HH-4500,Literacy Programs,Basic Literacy,109-06-01,,,,,,
,Literacy Programs,Basic Literacy,110-03-01,,,,,,
HH-4500.0500,,,,,,,,,
HH-4500.1800,,,,,,,,,
HH-4500.2000,,,,,,,,,
HH-7000,,,,,,,,,
HH-7000.7000,,,,,,,,,
HH-7000.7100,,,,,,,,,
HH-7000.7150,,,,,,,,,
HH-7920,,,,,,,,,
HH-7950,,,,,,,,,
HH-8000,Special Education,Special Education,109-03-09,,,,,,
HH-8000.1500,,,,,,,,,
HH-8000.3000,,,,,,,,,
HH-8000.6000,,,,,,,,,
HH-8000.6000-650,,,,,,,,,
HH-8000.6000-700,,,,,,,,,
HH-8000.8000,,,,,,,,,
HH-8000.8500,,,,,,,,,
HH-8300,,,,,,,,,
HH-9000,,,,,,,,,
HH-9000.3000,,,,,,,,,
HH-9000.7500,,,,,,,,,
HH-9000.8750,,,,,,,,,
HL-2000,,,,,,,,,
HL-2000.0550,,,,,,,,,
HL-2000.1800,,,,,,,,,
HL-2000.4500,,,,,,,,,
HL-2000.8000,,,,,,,,,
HL-2500,,,,,,,,,
HL-2500.1500,,,,,,,,,
HL-2500.1800,,,,,,,,,
HL-2500.8100,,,,,,,,,
HL-8000,Student Financial Aid,Financial Aid & Loans,107-01-05-04,,,,,,
HL-8000.1800-900,,,,,,,,,
HL-8000.8000,,,,,,,,,
HL-8000.8500,,,,,,,,,
HL-8120.1300,,,,,,,,,
HL-8120.7780,,,,,,,,,
HL-8120.7800,School Supplies,Supplies for School,107-01-05-06,,,,,,
HL-8120.7980,,,,,,,,,
HL-8120.7980-700,,,,,,,,,
HL-8120.7980-820,,,,,,,,,
HL-8120.8030,,,,,,,,,
HL-8120.8040,,,,,,,,,
HL-8500.1400,,,,,,,,,
HL-8500.1550,,,,,,,,,
HL-8700,Tutoring Services,Tutoring,109-03-10,,,,,,
HL-8700.3000,,,,,,,,,
JD-1500.1800,,,,,,,,,
JD-1500.1800-180,,,,,,,,,
JD-1500.4500,,,,,,,,,
JD-1500.9600-200,,,,,,,,,
JD-2000.8500,,,,,,,,,
JD-6500.0500,,,,,,,,,
JD-6500.1800,,,,,,,,,
JP-1500,Communicable Disease Control,Disease Management,106-04-02,Disease Screening,106-06-04-02,,,,
JP-1500.1700-050,,,,,,,,,
JP-1500.1700-750,,,,,,,,,
JP-1500.1800,,,,,,,,,
JP-6300,,,,,,,,,
JP-6500,Public Health Information/Inspection/Remediation,Health,106,,,,,,
JP-6500.1900-450,,,,,,,,,
JP-6500.6500-700,,,,,,,,,
JR-1800,,,,,,,,,
JR-1900,Fire Services,Disaster Response,108-07-01,,,,,,
JR-1900.2000,,,,,,,,,
JR-1900.2100,,,,,,,,,
JR-1950,,,,,,,,,
JR-6000,911 Services,Help Hotlines,108-09-02,Immediate Safety,108-07-05,Help Escape Violence,108-07-05-01,,
JR-8000,,,,,,,,,
JR-8000.6400,,,,,,,,,
JR-8200,Safety Education Programs,Immediate Safety,108-07-05,,,,,,
JR-8200.1500,,,,,,,,,
JR-8200.1500-100,,,,,,,,,
JR-8200.1600,,,,,,,,,
JR-8200.2000,,,,,,,,,
JR-8200.2100,,,,,,,,,
JR-8200.2500,,,,,,,,,
JR-8200.6500,,,,,,,,,
JR-8200.7800,,,,,,,,,
JR-8200.8500,,,,,,,,,
JR-8200.8500-100,,,,,,,,,
JR-8200.8500-150,,,,,,,,,
JR-8200.8500-160,,,,,,,,,
JR-8200.8500-180,,,,,,,,,
JR-8200.8500-650,,,,,,,,,
JR-8200.9500,,,,,,,,,
JR-8400,Safety Equipment,Goods,104,Immediate Safety,108-07-05,,,,
JR-8400.1500,Child Passenger Safety Seats,Goods,104,,,,,,
JR-8400.2000,,,,,,,,,
JR-8400.8000,Smoke Alarms,Goods,104,,,,,,
L,Health Care,Health,106,,,,,,
LD-1500.0500,,,,,,,,,
LD-1700,,,,,,,,,
LD-3300,,,,,,,,,
LD-3300.1500,,,,,,,,,
LD-3300.7000,,,,,,,,,
LF-0100,Activities of Daily Living Assessment,Screening & Exams,109-05,Disease Screening,106-06-04-02,,,,
LF-4800,,,,,,,,,
LF-4900.1000,,,,,,,,,
LF-4900.1500,Cancer Detection,Disease Screening,106-06-04-02,Cancer,121-02,,,,
LF-4900.1500-120,,,,,,,,,
LF-4900.1500-150,,,,,,,,,
LF-4900.1500-200,,,,,,,,,
LF-4900.1500-500,Mammograms,Disease Screening,106-06-04-02,Cancer,121-02,,,,
LF-4900.1500-650,Pap Tests,Disease Screening,106-06-04-02,,,,,,
LF-4900.1500-800,,,,,,,,,
LF-4900.1670,,,,,,,,,
LF-4900.1700,,,,,,,,,
LF-4900.2000,,,,,,,,,
LF-4900.2000-250,,,,,,,,,
LF-4900.2000-900,,,,,,,,,
LF-4900.2050,,,,,,,,,
LF-4900.2150,Hearing Screening,Hearing Tests,106-06-04-03,,,,,,
LF-4900.2200,,,,,,,,,
LF-4900.2400,HIV Testing,HIV Treatment,106-09-02,,,,,,
LF-4900.4500,Lead Poisoning Screening,Disease Screening,106-06-04-02,,,,,,
LF-4900.5000,,,,,,,,,
LF-4900.6200,,,,,,,,,
LF-4900.6500,,,,,,,,,
LF-4900.8000,Sexually Transmitted Disease Screening,Disease Screening,106-06-04-02,,,,,,
LF-4900.8550,,,,,,,,,
LF-4900.8600,Tuberculosis Screening,Disease Screening,106-06-04-02,,,,,,
LF-5280,,,,,,,,,
LF-5280.8200,,,,,,,,,
LF-5280.8900,,,,,,,,,
LF-5350,,,,,,,,,
LF-5350.6500,,,,,,,,,
LF-7000,,,,,,,,,
LF-7000.1700,,,,,,,,,
LF-7100.2500,,,,,,,,,
LF-7200,,,,,,,,,
LF-7300,,,,,,,,,
LH-0500.0900,,,,,,,,,
LH-0500.0900-150,,,,,,,,,
LH-0500.6300,,,,,,,,,
LH-0500.6300-180,,,,,,,,,
LH-0500.6330,,,,,,,,,
LH-0600,Assistive Technology Equipment,Assistive Technology,106-06-02,,,,,,
LH-0600.3000,,,,,,,,,
LH-0600.3000-050,,,,,,,,,
LH-0600.3000-300,,,,,,,,,
LH-0600.6500-700,,,,,,,,,
LH-0600.6500-950,,,,,,,,,
LH-0600.9000,,,,,,,,,
LH-0600.9000-100,,,,,,,,,
LH-0600.9000-250,,,,,,,,,
LH-0650.0100,,,,,,,,,
LH-0650.0250,,,,,,,,,
LH-2600,Health Care Referrals,Health,106,,,,,,
LH-2600.1700,,,,,,,,,
LH-2600.6500,,,,,,,,,
LH-2600.6500-500,,,,,,,,,
LH-2700,Health Education,Health Education,109-03-07,,,,,,
LH-2700.0150,,,,,,,,,
LH-2700.0500,Assistive Technology Information,Assistive Technology,104-04-01,,,,,,
LH-2700.0600,Assistive Technology Training,Assistive Technology,104-04-01,,,,,,
LH-2700.1000,,,,,,,,,
LH-2700.1700,,,,,,,,,
LH-2700.2000,First Aid Instruction,Health Education,109-03-07,,,,,,
LH-2700.2000-150,,,,,,,,,
LH-2700.2500,General Health Education Programs,Health Education,109-03-07,,,,,,
LH-2700.2800,,,,,,,,,
LH-2700.2900,,,,,,,,,
LH-2700.2950,,,,,,,,,
LH-2700.4750,,,,,,,,,
LH-2700.4960,,,,,,,,,
LH-2700.5000,,,,,,,,,
LH-2700.6000,Nutrition Education,Nutrition,106-04-04,,,,,,
LH-2700.6000-170,,,,,,,,,
LH-2700.6400,,,,,,,,,
LH-2700.6500,Poison Control,Health,106,,,,,,
LH-2700.9500,,,,,,,,,
LH-3000,Health Insurance/Dental Coverage,Health Insurance,107-01-03-03,,,,,,
LH-3000.3100,,,,,,,,,
LH-3000.5000,,,,,,,,,
LH-3500,Health Insurance Information/Counseling,Health Insurance,106-05-03,,,,,,
LH-3500.4500,,,,,,,,,
LH-3500.4800,,,,,,,,,
LH-3500.5000,,,,,,,,,
LH-5000,Medical Equipment/Supplies,Medical Supplies,104-04,Durable Medical Equipment,106-05-04-02,,,,
LH-5000.1550,,,,,,,,,
LH-5000.1570,,,,,,,,,
LH-5000.3200,,,,,,,,,
LH-5000.3300,,,,,,,,,
LH-5000.5100,,,,,,,,,
LH-5000.5100-100,,,,,,,,,
LH-5000.5100-300,,,,,,,,,
LH-5000.5100-350,,,,,,,,,
LH-5000.6200,,,,,,,,,
LH-5000.6450,,,,,,,,,
LH-5000.6700,,,,,,,,,
LH-5000.7250,,,,,,,,,
LH-5000.7350,,,,,,,,,
LH-5000.8500,,,,,,,,,
LH-5100,Medical Expense Assistance,Help Pay for Healthcare,106-05,,,,,,
LH-5100.5000,Medical Care Expense Assistance,Help Pay for Healthcare,106-05,,,,,,
LH-5100.6500,Prescription Expense Assistance,Help Pay for Healthcare,106-05,,,,,,
LH-6300.3650,Health Related Temporary Housing,Health,106,Short-Term Housing,103-09,Housing,123,,
LH-6300.3650-600,Patient/Family Housing,Health,106,,,,,,
LH-6300.5500,Medical Social Work,Health,106,,,,,,
LH-6300.9500,Wish Foundations,,,,,,,,
LH-6600,,,,,,,,,
LH-6700,,,,,,,,,
LH-6700.6300,,,,,,,,,
LH-6700.6400-330,,,,,,,,,
LJ-2000,Family Planning,Family Planning,106-04-03,,,,,,
,,Family Planning,109-03-07-02,,,,,,
LJ-2000.0100,Abortion Services,Family Planning,109-03-07-02,Health,106,,,,
LJ-2000.1000,Birth Control,Birth Control,106-06-03,,,,,,
LJ-2000.1000-100,,,,,,,,,
LJ-2000.1000-150,,,,,,,,,
LJ-2000.1000-200,,,,,,,,,
LJ-2000.3300,,,,,,,,,
LJ-2000.6400,,,,,,,,,
LJ-2000.6500,Pregnancy Counseling,Family Planning,109-03-07-02,Health,106,,,,
LJ-2000.6500-700,,,,,,,,,
LJ-2000.6750,Pregnancy Testing,Pregnancy Tests,106-06-04-05,,,,,,
LJ-2000.8500,,,,,,,,,
LJ-5000,Mother and Infant Care,Health,106,,,,,,
LJ-5000.1000,,,,,,,,,
LJ-5000.1500,Childbirth Education,Health,106,,,,,,
LJ-5000.1500-650,,,,,,,,,
LJ-5000.1700,,,,,,,,,
LJ-5000.5000,,,,,,,,,
LJ-5000.6200,,,,,,,,,
LJ-5000.6500,Postpartum Care,Postnatal Care,106-08,,,,,,
LJ-5000.6570,,,,,,,,,
LJ-5000.6600,Prenatal Care,Health,106,,,,,,
LJ-8000,,,,,,,,,
LJ-8000.2500,,,,,,,,,
LJ-8000.8250,,,,,,,,,
LJ-8000.8500,,,,,,,,,
LL-3000,Hospitals,Health,106,,,,,,
LL-3000.1450,,,,,,,,,
LL-3000.7800,,,,,,,,,
LL-6000,Nursing Facilities,Nursing Home,106-09-05,,,,,,
LL-6000.8050,,,,,,,,,
LN-1500,Community Clinics,Health,106,,,,,,
LN-3000,,,,,,,,,
LN-5000,Mobile Health Care,Health,106,,,,,,
LN-9000,Veteran Outpatient Clinics,Health,106,Veterans,113-03,,,,
LN-9500,,,,,,,,,
LR-0450,,,,,,,,,
LR-1000,,,,,,,,,
LR-1570,,,,,,,,,
LR-1570.0500,,,,,,,,,
LR-1570.1500,,,,,,,,,
LR-1570.7000,,,,,,,,,
LR-1570.8400,,,,,,,,,
LR-1570.8500,,,,,,,,,
LR-1700,Early Intervention for Children With Disabilities/Delays,Disability,116,Disability Screening,106-06-04-01,,,,
LR-3100,,,,,,,,,
LR-3100.1750,,,,,,,,,
LR-3100.1800,,,,,,,,,
LR-3100.1800-050,,,,,,,,,
LR-3100.1800-130,,,,,,,,,
LR-3100.1800-190,,,,,,,,,
LR-3200,Independent Living Skills Instruction,Disability,116,,,,,,
LR-4000,,,,,,,,,
LR-6200,Occupational Therapy,,,,,,,,
LR-6200.1800,,,,,,,,,
LR-6600,Physical Therapy,Physical Therapy,106-09-06,,,,,,
LR-7950,Service Animals,Disability,116,,,,,,
LR-7950.1700,,,,,,,,,
LR-8000,Speech and Hearing,Disability,116,,,,,,
LR-8000.0500,,,,,,,,,
LR-8000.0500-030,,,,,,,,,
LR-8000.8000,Speech and Language Pathology,Disability,116,,,,,,
LR-8000.8000-450,,,,,,,,,
LR-8000.8000-800,,,,,,,,,
LR-8000.8000-820,,,,,,,,,
LT-0500,,,,,,,,,
LT-0500.0500,,,,,,,,,
LT-0800,,,,,,,,,
LT-1500,,,,,,,,,
LT-1550,,,,,,,,,
LT-1750.0500,AIDS/HIV Clinics,Health,106,Disease Management,106-09-04,,,,
LT-1750.1500,Cancer Clinics,Health,106,Cancer,121-02,,,,
LT-1750.1700,,,,,,,,,
LT-1750.5000,,,,,,,,,
LT-1750.8000,Sexually Transmitted Disease Treatment,Health,106,Disease Management,106-09-04,,,,
LT-1750.8100,,,,,,,,,
LT-1750.9550,,,,,,,,,
LT-2600,,,,,,,,,
LT-2600.1500,,,,,,,,,
LT-2800,Home Health Care,Health,106,,,,,,
LT-2800.3000,,,,,,,,,
LT-2800.3100,,,,,,,,,
LT-2800.3100-630,,,,,,,,,
LT-2800.4500,,,,,,,,,
LT-3000,Hospice Care,Hospice,106-03-03,,,,,,
,Hospice Care,Hospice,108-05-03,,,,,,
LT-3000.3000,,,,,,,,,
LT-3400,Immunizations,Health,106,,,,,,
LT-3400.2000,,,,,,,,,
LT-6200,,,,,,,,,
LT-6400,,,,,,,,,
LT-6600,,,,,,,,,
LT-6650,,,,,,,,,
LT-9500,,,,,,,,,
LT-9500.9550,,,,,,,,,
LV-1600,Dental Care,Dental Care,106-02,,,,,,
LV-1600.1700,,,,,,,,,
LV-1600.1800,,,,,,,,,
LV-1600.1900,,,,,,,,,
LV-1600.5000,,,,,,,,,
LV-1600.6400,,,,,,,,,
LV-1800,,,,,,,,,
LV-2400,Eye Care,Vision Care,106-12,,,,,,
LV-2400.5000,,,,,,,,,
LV-2400.6300,,,,,,,,,
LV-2400.6350,,,,,,,,,
LV-2600,,,,,,,,,
LV-3300.1500,,,,,,,,,
LV-3300.1800,,,,,,,,,
LV-3300.2850,,,,,,,,,
LV-3300.2900,,,,,,,,,
LV-3300.3100,,,,,,,,,
LV-3300.5000,,,,,,,,,
LV-3300.6500,,,,,,,,,
LV-6000,Obstetrics/Gynecology,Health,106,,,,,,
LV-6000.1000,,,,,,,,,
LV-6000.2500,,,,,,,,,
LV-6000.2550,,,,,,,,,
LV-6400,,,,,,,,,
LV-6700,,,,,,,,,
LV-6800,Pediatrics,Health,106,,,,,,
LV-6800.0300,,,,,,,,,
LV-7200,,,,,,,,,
LV-7500,,,,,,,,,
LV-8300,,,,,,,,,
LV-8300.2500,,,,,,,,,
LV-8300.6000,,,,,,,,,
LV-8300.6500,,,,,,,,,
LV-8300.6550,,,,,,,,,
LV-8300.9000,,,,,,,,,
ND-1500,Comprehensive Job Assistance Centers,Employment,118,Unemployed,118-03,Help Find Work,110-01,,
ND-1600,,,,,,,,,
ND-1600.9500,,,,,,,,,
ND-2000,Employment Preparation,Employment,118,Unemployed,118-03,Help Find Work,110-01,,
ND-2000.1500,,,,,,,,,
ND-2000.1500-120,,,,,,,,,
ND-2000.1500-160,,,,,,,,,
ND-2000.3500,Job Training Formats,Skills & Training,110-03,Help Find Work,110-01,Unemployed,118-03,,
ND-2000.3500-050,,,,,,,,,
ND-2000.3500-330,,,,,,,,,
ND-2000.3500-630,,,,,,,,,
ND-2000.6500-320,,,,,,,,,
ND-2000.6500-340,,,,,,,,,
ND-2000.6500-360,Job Readiness,Skills & Training,110-03,Help Find Work,110-01,Unemployed,118-03,,
ND-2000.6500-380,,,,,,,,,
ND-2000.6500-700,,,,,,,,,
ND-2000.6600,,,,,,,,,
ND-2000.9000,,,,,,,,,
ND-2050,,,,,,,,,
ND-3400,Job Development,Skills & Training,110-03,Help Find Work,110-01,Employment,118,Unemployed,118-03
ND-3400.8000,,,,,,,,,
ND-3400.9500,Youth Job Development,Skills & Training,110-03,Help Find Work,110-01,,,,
ND-3500,Job Finding Assistance,Help Find Work,110-01,,,,,,
ND-3500.3500,,,,,,,,,
ND-3500.3500-340,,,,,,,,,
ND-3500.3500-360,,,,,,,,,
ND-3500.3500-380,,,,,,,,,
ND-3500.3600,Job Search/Placement,Job Placement,110-01-01,,,,,,
ND-3500.3700,,,,,,,,,
ND-6500.1800,,,,,,,,,
ND-6500.1950,Ex-Offender Employment Programs,Help Find Work,110-01,Criminal History,115,Ex-Offenders,115-01,,
ND-6500.3300,Immigrant/Refugee Employment Programs,Citizenship & Immigration,109-05-01,Help Find Work,110-01,,,,
ND-6500.3500,,,,,,,,,
ND-6500.8000,Senior Community Service Employment Programs,Seniors (55+ years old),112-07,Retired,118-02,,,,
ND-6500.8120,,,,,,,,,
ND-6500.9500,,,,,,,,,
ND-9000,Vocational Rehabilitation,Skills & Training,110-03,Employment,118,,,,
ND-9200,Volunteer Service Programs,,,,,,,,
ND-9200.0300,,,,,,,,,
ND-9200.6500,,,,,,,,,
ND-9200.8000-200,,,,,,,,,
ND-9200.8000-700,,,,,,,,,
ND-9200.8000-800,,,,,,,,,
NL-1000.6200,,,,,,,,,
NL-1000.8500,,,,,,,,,
NL-3000,Household Related Public Assistance Programs,Disability Benefits,106-05-01,Benefit Recipients,124-01,Goods,104,,
NL-3000.1500,Child Care Expense Assistance,Help Pay for Childcare,107-01-01,Benefit Recipients,124-01,,,,
NL-3000.3300,,,,,,,,,
NL-5000.5000,Medicaid, ,125-02,,,,,,
NL-6000,Nutrition Related Public Assistance Programs,,,,,,,,
NL-6000.2000,Food Stamps/SNAP,Food Benefits,102-06-01,,,,,,
NL-6000.2000-220,,,,,,,,,
NL-6000.9500,WIC,,,,,,,,
NS-1000,,,,,,,,,
NS-1000.8000,,,,,,,,,
NS-1000.9000,,,,,,,,,
NS-1800,Disability Benefits,Disability Benefits,106-05-01,Benefit Recipients,124-01,,,,
NS-1800.8000,Social Security Disability Insurance,Disability Benefits,106-05-01,Benefit Recipients,124-01,,,,
NS-1800.8000-820,,,,,,,,,
NS-1800.9000,Veteran Compensation and Pension Benefits,Benefit Recipients,124-01,Veterans,113-03,,,,
NS-1800.9000-960,,,,,,,,,
NS-1800.9500,Workers Compensation,Benefit Recipients,124-01,Employment,118,,,,
NS-7000.8000,Social Security Retirement Benefits,Retirement Benefits,110-02-02,Benefit Recipients,124-01,,,,
NS-8000,Social Health Insurance,Insurance,107-04,,,,,,
NS-8000.5000,Medicare,Medicare,125-03,,,,,,
NS-8000.5000-480,,,,,,,,,
NS-8000.5000-520,,,,,,,,,
NS-8000.5000-560,,,,,,,,,
NS-8000.5000-600,,,,,,,,,
NS-8000.5000-660,,,,,,,,,
NS-8200.8000,,,,,,,,,
NS-9000,Unemployment Insurance,Insurance,107-04,Unemployment Benefits,110-02-04,Unemployed,118-03,,
NT-8900,Temporary Financial Assistance,Insurance,107-04,Unemployment Benefits,110-02-04,Unemployed,118-03,,
PB-0900,Burial/Cremation Expense Assistance,Burial & Funeral Help,108-05-02,,,,,,
PB-5000.1000,,,,,,,,,
PD-0700.0400,Animal Control,Animal Welfare,108-02,,,,,,
PD-6250,,,,,,,,,
PD-6250.6500,,,,,,,,,
PD-7600,Protective Services for Animals,Animal Welfare,108-02,,,,,,
PD-7600.0100,Animal Adoption,Animal Welfare,108-02,,,,,,
PD-7600.0300,,,,,,,,,
PD-7600.0500,,,,,,,,,
PD-7600.0600,Animal Shelters,Animal Welfare,108-02,,,,,,
PD-7600.1500,,,,,,,,,
PD-7600.3100,,,,,,,,,
PD-9000,Veterinary Services,Animal Welfare,108-02,,,,,,
PD-9000.0130,,,,,,,,,
PD-9000.6000,,,,,,,,,
PD-9000.7000,,,,,,,,,
PH-0300,Adoption Services,Adoption & Foster Care,108-01,,,,,,
PH-0300.0300,,,,,,,,,
PH-0300.0350,,,,,,,,,
PH-0300.0400,,,,,,,,,
PH-0300.0600,,,,,,,,,
PH-0320,Adult Day Programs,Adult Daycare,108-04-01,,,,,,
PH-0320.0200,,,,,,,,,
PH-0320.0400,,,,,,,,,
PH-0320.3300,,,,,,,,,
PH-0500,,,,,,,,,
PH-0500.3300,,,,,,,,,
PH-0700,Benefits Screening,Benefit Recipients,124-01,,,,,,
PH-0800,Caregiver Training,Support Groups,108-09-09,,,,,,
PH-1000,Case/Care Management,Case Management Services Provided,132-09,,,,,,
PH-1000.4500,,,,,,,,,
PH-1000.8500,,,,,,,,,
PH-1250,Child Care Providers,Childcare,108-04-04,Help Find Childcare,108-04-04-01,,,,
PH-1250.1400,Child Care Centers,Childcare,108-04-04,Help Find Childcare,108-04-04-01,,,,
PH-1250.1800,Extended Child Care,Childcare,108-04-04,Help Find Childcare,108-04-04-01,,,,
PH-1400,Companionship,,,,,,,,
PH-1400.1600,,,,,,,,,
PH-1400.1900-220,,,,,,,,,
PH-1400.1900-230,,,,,,,,,
PH-1400.5000,Mentoring Programs,Mentoring,108-09-05,,,,,,
PH-1400.5000-050,,,,,,,,,
PH-1400.5000-100,Adult/Child Mentoring Programs,Mentoring,108-09-05,,,,,,
PH-1450,,,,,,,,,
PH-1450.7000,,,,,,,,,
PH-1800,Emergency Alert,,,,,,,,
PH-1800.4400,,,,,,,,,
PH-1800.5000,Medic Alert,,,,,,,,
PH-1800.6260,,,,,,,,,
PH-1800.8500,Telephone Reassurance,,,,,,,,
PH-2000,,,,,,,,,
PH-2360,Family Based Services,,,,,,,,
PH-2360.2300,,,,,,,,,
PH-2360.2350,Family Preservation Programs,,,,,,,,
PH-2360.2400,,,,,,,,,
PH-2360.3300,,,,,,,,,
PH-2360.8000,,,,,,,,,
PH-2360.9500,,,,,,,,,
PH-2400,Family Support Recruitment/Referral,,,,,,,,
PH-2400.1500,Child Care Provider Referrals,Childcare,108-04-04,Help Find Childcare,108-04-04-01,,,,
PH-2400.1900,Foster Home Placement,Adoption & Foster Placement,111-01-01-01,,,,,,
PH-2400.2000,,,,,,,,,
PH-2400.3350,,,,,,,,,
PH-2950,Holiday Programs,,,,,,,,
PH-2950.1500,Christmas Programs,,,,,,,,
PH-2950.1500-120,Christmas Baskets,,,,,,,,
PH-2950.1500-200,Christmas Meals,Free Meals,102-05,,,,,,
PH-2950.1750,Easter Programs,,,,,,,,
PH-2950.1750-185,Easter Baskets,,,,,,,,
PH-2950.2950,Holiday Adoption Programs,,,,,,,,
PH-2950.3050,Holiday Donations,,,,,,,,
PH-2950.3200,Holiday Gifts/Toys,Toys & Gifts,104-05,,,,,,
PH-2950.8500,Thanksgiving Programs,,,,,,,,
PH-2950.8500-850,Thanksgiving Baskets,,,,,,,,
PH-2950.8500-870,Thanksgiving Meals,Free Meals,102-05,,,,,,
PH-3300,In Home Assistance,,,,,,,,
PH-3300.1800,Errand Running/Shopping Assistance,,,,,,,,
PH-3300.2750,Home Maintenance and Minor Repair Services,Maintenance & Repairs,103-04,Housing,103,,,,
PH-3300.2750-220,,,,,,,,,
PH-3300.3000,,,,,,,,,
PH-3300.3100,,,,,,,,,
PH-3300.3220,,,,,,,,,
PH-3300.6500,Personal Care,Personal Care Items,104-03-06,,,,,,
PH-3300.8030,,,,,,,,,
PH-3300.9750,,,,,,,,,
PH-3300.9750-450,,,,,,,,,
PH-3500,Interpretation/Translation,Translation & Interpretation,111-05,,,,,,
PH-3500.8000,,,,,,,,,
PH-3500.8500,,,,,,,,,
PH-6000,Parental Visitation Facilitation,,,,,,,,
PH-6100,Parenting Education,Parenting Education,106-04-05,,,,,,
PH-6100.1500,,,,,,,,,
PH-6100.1800-900,,,,,,,,,
PH-6100.6600,,,,,,,,,
PH-6100.6800,,,,,,,,,
PH-6200.1500,,,,,,,,,
PH-6200.1550,,,,,,,,,
PH-6200.1850,,,,,,,,,
PH-6200.4500,,,,,,,,,
PH-6200.4600,,,,,,,,,
PH-6200.7000,,,,,,,,,
PH-6200.7800,,,,,,,,,
PH-6200.8200,,,,,,,,,
PH-6200.8300,,,,,,,,,
PH-6200.8400,,,,,,,,,
PH-6200.8600,,,,,,,,,
PH-6300,Placements for Children and Youth,,,,,,,,
PH-6300.1900,,,,,,,,,
PH-6300.2000,,,,,,,,,
PH-6300.2400,,,,,,,,,
PH-6300.2500,,,,,,,,,
PH-6500,Protective Services,,,,,,,,
PH-6500.0500,Adult Protective Services,,,,,,,,
PH-6500.0500-050,,,,,,,,,
PH-6500.1500,Children's Protective Services,,,,,,,,
PH-6500.1500-140,,,,,,,,,
PH-6500.1500-200,,,,,,,,,
PH-7000,Respite Care,Respite care services,106-07-01-04-03,,,,,,
PH-7000.3300-040,,,,,,,,,
PH-7000.3300-140,,,,,,,,,
PH-7000.6000-060,,,,,,,,,
PH-7000.6000-160,,,,,,,,,
PH-8000,Street Outreach Programs,,,,,,,,
PL-4500.2900,Hotels,,,,,,,,
PL-6000.6000-150,,,,,,,,,
PL-6400,Parks/Recreation Areas,,,,,,,,
PL-6400.1500,Camps,Day Camp,108-04-05,Overnight Camp,108-08-04,,,,
PL-6400.1500-180,Day Camps,Day Camp,108-04-05,,,,,,
PL-6400.1500-700,,,,,,,,,
PL-6400.1500-800,,,,,,,,,
PL-6400.1500-850,Therapeutic Camps,,,,,,,,
PL-6400.6500-200,,,,,,,,,
PL-6400.6750,,,,,,,,,
PL-6400.7000,,,,,,,,,
PL-6400.7000-150,,,,,,,,,
PL-6400.7000-700,,,,,,,,,
PL-6600,,,,,,,,,
PL-6600.0500,,,,,,,,,
PL-6600.0600,,,,,,,,,
PL-6600.1800,,,,,,,,,
PL-7000,Recreational Activities/Sports,,,,,,,,
PL-7000.3150,,,,,,,,,
PL-7000.4000,,,,,,,,,
PL-7000.4300,,,,,,,,,
PL-7000.4350-180,,,,,,,,,
PL-7000.4400,,,,,,,,,
PL-7000.4600,,,,,,,,,
PL-7000.5150,,,,,,,,,
PL-7000.5800-370,,,,,,,,,
PL-7000.5800-400,,,,,,,,,
PL-7000.8800,,,,,,,,,
PL-7000.8900-080,,,,,,,,,
PL-7000.8900-100,,,,,,,,,
PL-7000.8900-200,,,,,,,,,
PL-7000.8900-450,,,,,,,,,
PL-7000.8900-900,,,,,,,,,
PL-7000.9000,,,,,,,,,
PL-7000.9600,,,,,,,,,
PL-7400,Recreational/Leisure/Arts Instruction,Recreation,108-04-07,,,,,,
PL-7400.0500,,,,,,,,,
PL-7400.0500-160,,,,,,,,,
PL-7400.0700-080,,,,,,,,,
PL-7400.1500,Computer and Related Technology Classes,Computer Class,110-03-02,,,,,,
,Computer and Related Technology Classes,Computer Class,109-06-02,,,,,,
PL-7400.1550,,,,,,,,,
PL-7400.1900,,,,,,,,,
PL-7400.1900-150,,,,,,,,,
PL-7400.1900-500,,,,,,,,,
PL-7400.5500,,,,,,,,,
PL-7400.8250,,,,,,,,,
PL-7400.8300,,,,,,,,,
PL-7700.1300,,,,,,,,,
PL-8000.5500-800,,,,,,,,,
PL-8000.5500-850,,,,,,,,,
PN-8000,,,,,,,,,
PN-8050.8500,,,,,,,,,
PN-8100,Support Groups,Support Groups Services Provided,132-10,,,,,,
PN-8100.0200,Abuse/Violence Related Support Groups,Abuse or Neglect Survivors,129-03,,,,,,
PN-8100.0200-130,,,,,,,,,
PN-8100.0200-180,Domestic Violence Support Groups,Domestic Violence Survivors,129-09,,,,,,
PN-8100.0200-800,Sexual Assault/Incest Support Groups,Support Groups,108-09-09,,,,,,
PN-8100.0500,Addictions/Substance Use Disorder Support Groups,Support Groups Services Provided,132-10,,,,,,
PN-8100.0500-070,Alcohol Use Disorder Support Groups,Alcohol Use Disorders,106-01-02-01-02,,,,,,
,,Alcohol Use Disorder,121-11,,,,,,
PN-8100.0500-180,Drug Use Disorder Support Groups,Support Groups Services Provided,132-10,,,,,,
PN-8100.0500-230,Families/Friends of Individuals With an Alcohol Use Disorder Support Groups,Support Groups Services Provided,132-10,,,,,,
PN-8100.0500-250,Gambling Addiction Support Groups,Support Groups,108-09-09,,,,,,
PN-8100.0500-800,Sexual/Love Addiction Support Groups,Support Groups,108-09-09,,,,,,
PN-8100.0500-900,Weight Related Support Groups,Support Groups,108-09-09,,,,,,
PN-8100.1000,Bereavement Support Groups,Bereavement,108-09-09-02,,,,,,
PN-8100.1000-080,,,,,,,,,
PN-8100.1000-100,,,,,,,,,
PN-8100.1000-250,General Bereavement Support Groups,Bereavement,108-09-09-02,,,,,,
PN-8100.1000-300,Homicide Survivors Support Groups,Support Groups,108-09-09,,,,,,
PN-8100.1000-650,,,,,,,,,
PN-8100.1000-800,Suicide Survivors Support Groups,Support Groups,108-09-09,,,,,,
PN-8100.1000-850,Terminal Illness Support Groups,Support Groups,108-09-09,,,,,,
PN-8100.1000-900,,,,,,,,,
PN-8100.1400,Caregiver/Care Receiver Support Groups,Support Groups,108-09-09,,,,,,
PN-8100.3000,Health/Disability Related Support Groups,Support Groups,108-09-09,,,,,,
PN-8100.4500,Lifestyle/Transition Related Support Groups,Support Groups,108-09-09,,,,,,
PN-8100.4500-150,,,,,,,,,
PN-8100.4500-400,,,,,,,,,
PN-8100.4500-500,,,,,,,,,
PN-8100.4500-550,,,,,,,,,
PN-8100.4500-700,,,,,,,,,
PN-8100.4500-900,,,,,,,,,
PN-8100.4500-950,,,,,,,,,
PN-8100.5000,Mental Health Related Support Groups,Support Groups,108-09-09,,,,,,
PN-8100.6500,Parenting/Family Support Groups,Parenting Education,109-03-07-04,,,,,,
PN-8100.6500-030,,,,,,,,,
PN-8100.6500-500,,,,,,,,,
PN-8100.6500-650,Parent Support Groups,Parenting Education,109-03-07-04,,,,,,
PN-8100.6500-750,,,,,,,,,
PS-1500,,,,,,,,,
PS-6500,Parent/Child Activity Groups,,,,,,,,
PS-8000.4000,,,,,,,,,
PS-8000.6000,Older Adult Social Clubs,,,,,,,,
PS-8200,Special Interest Clubs,,,,,,,,
PS-8200.0550,,,,,,,,,
PS-8200.6550,,,,,,,,,
PS-9800,Youth Development,Teens (13-19 years old),112-04,Children (2-12 years old),112-06,,,,
PS-9800.1000,Boys/Girls Clubs,Teens (13-19 years old),112-04,Children (2-12 years old),112-06,,,,
PS-9800.8500,,,,,,,,,
PS-9800.9650,,,,,,,,,
PS-9800.9670,Youth Agricultural Programs,Teens (13-19 years old),112-04,Children (2-12 years old),112-06,,,,
PS-9800.9800,,,,,,,,,
PS-9800.9900,Youth Enrichment Programs,Teens (13-19 years old),112-04,Children (2-12 years old),112-06,,,,
PV-7000,,,,,,,,,
PW-9000,,,,,,,,,
PW-9100,,,,,,,,,
PX-0400,,,,,,,,,
PX-0400.1400,,,,,,,,,
PX-0400.1800-250,,,,,,,,,
PX-0400.2500,,,,,,,,,
PX-0400.9150,,,,,,,,,
PX-0400.9500,,,,,,,,,
PX-0500.0500,,,,,,,,,
PX-0500.6500,,,,,,,,,
PX-0700,,,,,,,,,
PX-0700.0500,,,,,,,,,
PX-0700.2500,,,,,,,,,
PX-0700.6500,,,,,,,,,
PX-0700.8250,,,,,,,,,
PX-0700.9000,,,,,,,,,
PX-1500.1800,,,,,,,,,
PX-1700.3000,,,,,,,,,
PX-1800,,,,,,,,,
PX-1800.1500-200,,,,,,,,,
PX-1800.1500-250,,,,,,,,,
PX-1800.7900,,,,,,,,,
PX-1800.8000,,,,,,,,,
PX-1800.9000,,,,,,,,,
PX-1850,,,,,,,,,
PX-1850.1700,,,,,,,,,
PX-1900,,,,,,,,,
PX-1900.2200,,,,,,,,,
PX-1900.2200-200,,,,,,,,,
PX-2000,,,,,,,,,
PX-2000.4600,,,,,,,,,
PX-2100.8500,,,,,,,,,
PX-2300.1700,,,,,,,,,
PX-2300.1700-180,,,,,,,,,
PX-2300.1700-300,,,,,,,,,
PX-2300.1700-500,,,,,,,,,
PX-2300.2200,,,,,,,,,
PX-2400,,,,,,,,,
PX-2400.5000,,,,,,,,,
PX-3000.1800,,,,,,,,,
PX-3000.6700,,,,,,,,,
PX-3000.7250,,,,,,,,,
PX-3300.2100,,,,,,,,,
PX-3300.8000,,,,,,,,,
PX-7000,,,,,,,,,
PX-7000.1400,,,,,,,,,
PX-7000.1550,,,,,,,,,
PX-7000.1800,,,,,,,,,
PX-7000.7000,,,,,,,,,
PX-7000.9000,,,,,,,,,
PX-8000,,,,,,,,,
PX-8000.3000,,,,,,,,,
PX-8500,,,,,,,,,
RD-1000,,,,,,,,,
RD-1000.1000,,,,,,,,,
RD-1900,,,,,,,,,
RD-5200,,,,,,,,,
RF-1500,Conjoint Counseling,Counseling,106-09-01,,,,,,
RF-2000,Family Counseling,Counseling,106-09-01,,,,,,
RF-2500,Group Counseling,Counseling,106-09-01,,,,,,
RF-3300,Individual Counseling,Counseling,106-09-01,,,,,,
RF-6500,Peer Counseling,Counseling,106-09-01,,,,,,
RF-8380,Talklines/Warmlines,Help Hotlines,108-09-02,,,,,,
RM-3300,Inpatient Mental Health Facilities,Hospital Treatment,106-07-01-03,,,,,,
RM-3300.6500,,,,,,,,,
RM-3300.6600,,,,,,,,,
RM-3300.6600-080,,,,,,,,,
RM-6500,Outpatient Mental Health Facilities,Outpatient mental health centers,106-07-01-01-03,,,,,,
RM-6500.2000,,,,,,,,,
RM-6500.5000,Mental Health Drop In Centers,Mental Health,106-07,,,,,,
RM-6500.6500,,,,,,,,,
RM-7000,Residential Treatment Facilities,Residential Treatment,106-01-01-02,,,,,,
RM-7000.1500,,,,,,,,,
RP-1400.2500,,,,,,,,,
RP-1400.8000,Specialized Counseling Services,Counseling,106-09-01,,,,,,
RP-1400.8000-020,Abuse Counseling,Abuse or Neglect Survivors,129-03,,,,,,
RP-1400.8000-020.15,,,,,,,,,
RP-1400.8000-020.18,,,,,,,,,
RP-1400.8000-020.80,,,,,,,,,
RP-1400.8000-050,Adolescent/Youth Counseling,Counseling,106-09-01,,,,,,
RP-1400.8000-070,Anger Management,Counseling,106-09-01,,,,,,
RP-1400.8000-100,Bereavement Counseling,Bereavement,106-03-01,,,,,,
RP-1400.8000-145,,,,,,,,,
RP-1400.8000-155,,,,,,,,,
RP-1400.8000-160,,,,,,,,,
RP-1400.8000-165,,,,,,,,,
RP-1400.8000-167,,,,,,,,,
RP-1400.8000-175,Divorce Counseling,Counseling,106-09-01,,,,,,
RP-1400.8000-185,,,,,,,,,
RP-1400.8000-250,,,,,,,,,
RP-1400.8000-260,Gender Identity Counseling,Gender & Sexuality,119,Counseling,106-09-01,,,,
RP-1400.8000-270,,,,,,,,,
RP-1400.8000-300,Health/Disability Related Counseling,Counseling,106-09-01,,,,,,
RP-1400.8000-325,,,,,,,,,
RP-1400.8000-330,,,,,,,,,
RP-1400.8000-370,,,,,,,,,
RP-1400.8000-500,,,,,,,,,
RP-1400.8000-650,,,,,,,,,
RP-1400.8000-655,,,,,,,,,
RP-1400.8000-660,,,,,,,,,
RP-1400.8000-675,,,,,,,,,
RP-1400.8000-750,,,,,,,,,
RP-1400.8000-800,,,,,,,,,
RP-1400.8000-805,,,,,,,,,
RP-1400.8000-815,,,,,,,,,
RP-1400.8000-820,,,,,,,,,
RP-1400.8000-900,Veteran Reintegration Counseling,Veterans,113-03,,,,,,
RP-1500,Crisis Intervention,Mental Health,106-07,,,,,,
RP-1500.1400,Crisis Intervention Hotlines/Helplines,Help Hotlines,108-09-02,,,,,,
RP-1500.1400-150,Child Abuse Hotlines,Abuse or Neglect Survivors,129-03,,,,,,
RP-1500.1400-200,Domestic Violence Hotlines,Domestic Violence Survivors,129-09,,,,,,
RP-1500.1400-500,,,,,,,,,
RP-1500.1400-750,Sexual Assault Hotlines,Sexual Assault Survivors,129-12,,,,,,
RP-1500.1400-800,Suicide Prevention Hotlines,Help Hotlines,108-09-02,,,,,,
RP-1500.3300,In Person Crisis Intervention,Psychiatric Emergency Services,101-07,,,,,,
RP-1500.3400,Involuntary Psychiatric Intervention,Psychiatric Emergency Services,101-07,,,,,,
RP-1500.3400-650,Psychiatric Mobile Response Teams,Psychiatric Emergency Services,101-07,,,,,,
RP-5000,Mental Health Evaluation,Mental Health,106-07,,,,,,
RP-5000.1500,,,,,,,,,
RP-5000.2000,,,,,,,,,
RP-5000.5000,,,,,,,,,
RP-5000.5000-050,,,,,,,,,
RP-5000.5000-180,,,,,,,,,
RP-5000.6400,,,,,,,,,
RP-5000.6500,,,,,,,,,
RP-5000.6600,,,,,,,,,
RP-6400.1900,Eating Disorders Treatment,Mental Health,106-07,,,,,,
RP-6400.8000-300,Home Based Mental Health Services,Mental Health,106-07,,,,,,
RP-6400.8000-600,Psychiatric Case Management,Mental Health,106-07,,,,,,
RP-6400.8000-620,Psychiatric Day Treatment,Psychiatric day treatment programs,106-07-01-01-04,,,,,,
RP-6400.8000-650,Psychiatric Medication Services,Mental Health,106-07,,,,,,
RP-6400.8000-650.64,,,,,,,,,
RP-6400.8000-660,Psychiatric Rehabilitation,Psychiatric rehabilitation program for adults,106-07-01-01-05,,,,,,
RP-8000,Supportive Therapies,Mental Health,106-07,,,,,,
RP-8000.0500,,,,,,,,,
RP-8000.1925,,,,,,,,,
RP-8000.5000,,,,,,,,,
RP-8000.6400,,,,,,,,,
RP-8000.7400,,,,,,,,,
RR-1800,,,,,,,,,
RR-5150,Mental Health Information/Education,Understand Mental Health,109-03-07-07,,,,,,
RR-5150.5000,,,,,,,,,
RR-5150.5000-250,,,,,,,,,
RR-5150.5000-700,,,,,,,,,
RR-5150.5000-800,,,,,,,,,
RR-8500,,,,,,,,,
RR-8500.6500,,,,,,,,,
RR-8500.6550,,,,,,,,,
RR-8800,,,,,,,,,
RR-8800.5100,,,,,,,,,
RR-8800.6400,,,,,,,,,
RR-8800.6500,,,,,,,,,
RX-0400,Assessment for Substance Use Disorders,Substance Use Disorder,106-01,Disease Screening,106-06-04-02,,,,
RX-0400.1500,Central Intake/Assessment for Substance Use Disorders,Help Hotlines,108-09-02,,,,,,
RX-0400.1850,Drug/Alcohol Testing,Drug Testing,106-11,,,,,,
RX-0400.1855,,,,,,,,,
RX-1700,Detoxification,Withdrawal Management,106-01-02-02,Substance Use Disorder,106-01,,,,
RX-1700.0500,Alcohol Detoxification,Withdrawal Management,106-01-02-02,Substance Use Disorder,106-01,,,,
RX-1700.1700,Drug Detoxification,Withdrawal Management,106-01-02-02,Substance Use Disorder,106-01,,,,
RX-1700.1700-330,,,,,,,,,
RX-1700.1700-650,,,,,,,,,
RX-1750,DUI Offender Programs,Alcohol Use Disorders,106-01-02-01-02,Substance Use Disorder,106-01,,,,
RX-8250,Substance Use Disorder Education/Prevention,Substance Use Disorder,106-01,Substance Use Disorder,106-01,,,,
RX-8250.0500,,,,,,,,,
RX-8250.0550,,,,,,,,,
RX-8250.1700,,,,,,,,,
RX-8450,Substance Use Disorder Treatment Programs,Substance Use Disorder,106-01,,,,,,
RX-8450.1150,Comprehensive Outpatient Substance Use Disorder Treatment,(Level 2.1) Intensive Outpatinet Treatment,106-01-01-01-02,Substance Use Disorder,106-01,,,,
RX-8450.3300,Inpatient Substance Use Disorder Treatment Facilities,Hospital Inpatient Treatment,106-01-01-03,Substance Use Disorder,106-01,,,,
RX-8450.3300-350,,,,,,,,,
RX-8450.5000,Medication Assisted Maintenance Treatment for Opioid Use Disorders,Medication-Assisted Treatment (MAT) Provided,106-01-02-01,Substance Use Disorder,106-01,,,,
RX-8450.7000,Residential Substance Use Disorder Treatment Facilities,Residential Treatment,106-01-01-02,Substance Use Disorder,106-01,,,,
RX-8450.7000-700,,,,,,,,,
RX-8450.7000-750,,,,,,,,,
RX-8450.7900,Smoking Cessation,Tobacco / Nicotine / Smoking,121-09,,,,,,
RX-8450.8000,Substance Use Disorder Counseling,Counseling,106-09-01,Substance Use Disorder,106-01,,,,
RX-8450.8000-050,,,,,,,,,
RX-8450.8000-180,,,,,,,,,
RX-8450.8100,Substance Use Disorder Day Treatment,Outpatient Treatment,106-01-01-01,,,,,,
RX-8450.8100-050,,,,,,,,,
RX-8450.8100-180,,,,,,,,,
RX-8470,Supportive Substance Use Disorder Services,Support Groups,108-09-09,,,,,,
RX-8470.1900-610,,,,,,,,,
RX-8470.6900,Relapse Prevention Programs,(RP) Relapse Prevention,106-01-02-03-08,,,,,,
RX-8470.8200,Substance Use Disorder Crisis Intervention,Psychiatric Emergency Services,106-13,,,,,,
RX-8470.8200-050,,,,,,,,,
RX-8470.8200-180,,,,,,,,,
RX-8470.8350,Substance Use Disorder Hotlines,Help Hotlines,108-09-02,,,,,,
RX-8470.8400,,,,,,,,,
RX-8500,Transitional Residential Substance Use Disorder Services,(Level 3.1) Transitional housing or Halfway House,106-01-01-02-02,,,,,,
RX-8500.6500,Recovery Homes/Halfway Houses,(Level 3.1) Transitional housing or Halfway House,106-01-01-02-02,,,,,,
TA-0400.0350,,,,,,,,,
TA-6800,,,,,,,,,
TA-8500.6000,,,,,,,,,
TA-9000.0300,,,,,,,,,
TA-9000.0300-130,,,,,,,,,
TB-0700.2200,,,,,,,,,
TB-0700.2200-150.45,,,,,,,,,
TB-0700.2200-170,,,,,,,,,
TB-0700.2200-850,,,,,,,,,
TB-0900.0600,,,,,,,,,
TB-0900.8000-600,,,,,,,,,
TB-0900.8000-800,Small Business Development,,,,,,,,
TB-1100,Business Support Organizations/Services,,,,,,,,
TB-3000,,,,,,,,,
TB-3000.0400,,,,,,,,,
TB-7000,,,,,,,,,
TB-7000.6000,,,,,,,,,
TB-8200.7000,,,,,,,,,
TC-1700,,,,,,,,,
TC-5000,,,,,,,,,
TC-5500.8000,Senior Centers,Seniors (55+ years old),112-07,,,,,,
TC-5500.9500,,,,,,,,,
TD-1100.8600,,,,,,,,,
TD-1100.9000,,,,,,,,,
TD-1200,Charities/Grantmaking Organizations,,,,,,,,
TD-1600,Community Action/Social Advocacy Groups,,,,,,,,
TD-1600.0500,,,,,,,,,
TD-1600.1500,,,,,,,,,
TD-1600.1770,,,,,,,,,
TD-1600.2600,,,,,,,,,
TD-1600.2800,,,,,,,,,
TD-1600.3000,,,,,,,,,
TD-1600.3100,,,,,,,,,
TD-1600.3100-140,,,,,,,,,
TD-1600.3100-180,,,,,,,,,
TD-1600.3100-200,,,,,,,,,
TD-1600.3100-330,,,,,,,,,
TD-1600.3100-400,,,,,,,,,
TD-1600.3100-550,,,,,,,,,
TD-1600.3100-750,,,,,,,,,
TD-1600.3100-800,,,,,,,,,
TD-1600.3100-950,,,,,,,,,
TD-1600.3200,,,,,,,,,
TD-1600.6000,,,,,,,,,
TD-1600.6550,,,,,,,,,
TD-6500,,,,,,,,,
TD-6600.4500-160,,,,,,,,,
TD-6600.4500-300,,,,,,,,,
TE-1000,Building and Safety,Physical Safety,108-07,,,,,,
TE-1000.1000,,,,,,,,,
TE-4525,,,,,,,,,
TE-8000.7000,,,,,,,,,
TE-8000.8000,,,,,,,,,
TE-8000.8200-650,,,,,,,,,
TE-8800,,,,,,,,,
TE-8920.7100-850,,,,,,,,,
TH-1500,Disaster Management Organizations,Disaster Response,101-01,,,,,,
TH-1500.1700,Disaster Relief/Recovery Organizations,Disaster Response,101-01,,,,,,
TH-2600,Disaster Relief Services,Disaster Response,101-01,,,,,,
TI-1800.1500,Clothing Donation Programs,Clothes for School,109-02-03,Clothes for Work,110-02-01,,,,
TI-1800.1500-100,,,,,,,,,
TI-1800.1500-250,,,,,,,,,
TI-1800.1500-800,,,,,,,,,
TI-1800.1500-870,,,,,,,,,
TI-1800.2000,Food Donation Programs,Food Pantry,102-04,,,,,,
TI-1800.3000,Household Goods Donation Programs,Goods,104,,,,,,
TI-1800.3000-200,,,,,,,,,
TI-1800.4500,Leisure Equipment/Supplies Donation Programs,Goods,104,,,,,,
TI-1800.4500-900,,,,,,,,,
TI-1800.5000,Medical Equipment/Assistive Technology Donation Programs,Medical Supplies,104-04,Durable Medical Equipment,106-05-04-02,,,,
TI-1800.5000-900,,,,,,,,,
TI-1800.5150,,,,,,,,,
TI-1800.6500,Office Equipment/Supplies Donation Programs,Supplies for Work,104-03-07,,,,,,
TI-1800.6500-150,,,,,,,,,
TI-1800.6500-550,,,,,,,,,
TI-1800.6700,Personal/Grooming Supplies Donation Programs,Goods,104,Personal Care Items,104-03-06,,,,
TI-1800.8100,School Supplies Donation Programs,Supplies for School,109-02-06,,,,,,
TI-1800.9000,Vehicle Donation Programs,Help Pay for Car,107-01-06-03,,,,,,
TI-1900,,,,,,,,,
TI-2100,Donation Pickups,,,,,,,,
TJ-0500,,,,,,,,,
TJ-1800,,,,,,,,,
TJ-1800.3300-850,,,,,,,,,
TJ-1800.3300-950,,,,,,,,,
TJ-3000,Information and Referral,,,,,,,,
TJ-3000.1500,,,,,,,,,
TJ-3000.8000,Specialized Information and Referral,,,,,,,,
TJ-3000.8500,211 Systems,,,,,,,,
TJ-3200,Information Lines,,,,,,,,
TJ-3200.2500,,,,,,,,,
TJ-3200.2500-160,,,,,,,,,
TJ-3200.4500,,,,,,,,,
TJ-4400,Libraries,Education,117,,,,,,
TJ-4400.6500,,,,,,,,,
TJ-4400.8100-550,,,,,,,,,
TJ-4500,Library Services,Education,117,,,,,,
TJ-4500.1200,,,,,,,,,
TJ-4500.1500,,,,,,,,,
TJ-4500.3000,,,,,,,,,
TJ-4500.4400,,,,,,,,,
TJ-4500.6500,,,,,,,,,
TJ-4500.8300-100,,,,,,,,,
TJ-6500,Public Awareness/Education,More Education,109-03,,,,,,
TJ-6500.6000,,,,,,,,,
TJ-6500.6300,,,,,,,,,
TJ-6500.8000,,,,,,,,,
TJ-6500.9500,Workshops/Symposiums,Education,117,,,,,,
TJ-6750,Reading Services for People With Disabilities,Disability,116,Learning Disability,116-02,,,,
TJ-7500,,,,,,,,,
TJ-8000.3100,,,,,,,,,
TL-3300.3650,,,,,,,,,
TL-3650,,,,,,,,,
TM-5000,,,,,,,,,
TM-5100,Military Family Service/Support Centers,Active Duty,113-01,Support Network,108-09,,,,
TM-5200,,,,,,,,,
TN-1000,,,,,,,,,
TN-1400,,,,,,,,,
TN-2900,,,,,,,,,
TN-4400,,,,,,,,,
TN-4600,,,,,,,,,
TN-5000,,,,,,,,,
TN-5000.6500,,,,,,,,,
TN-5500.8500-450,,,,,,,,,
TN-5500.8500-680,,,,,,,,,
TO-6000,Organizational Consultation/Technical Assistance,,,,,,,,
TO-6400,,,,,,,,,
TO-6600,,,,,,,,,
TP-1850.1600-150,,,,,,,,,
TP-2100,,,,,,,,,
TP-2100.0250-400,,,,,,,,,
TP-2300.2000,,,,,,,,,
TP-3000,,,,,,,,,
TP-3000.8000,,,,,,,,,
TP-4000.3250-050,,,,,,,,,
TP-4000.6800,,,,,,,,,
TP-5000,,,,,,,,,
TP-6500,,,,,,,,,
TP-6600,,,,,,,,,
TP-6600.8000,,,,,,,,,
TP-6650,,,,,,,,,
TP-6650.2000,,,,,,,,,
TP-6650.5200,,,,,,,,,
TP-6650.8700,,,,,,,,,
TP-6700.2500,,,,,,,,,
TP-9000.9200,,,,,,,,,
TQ-1800,Elections/Election Campaigns,,,,,,,,
TQ-1800.2000,,,,,,,,,
TQ-1800.8800,,,,,,,,,
TQ-1800.9000,Voter Registration Offices,,,,,,,,
TQ-1800.9200,,,,,,,,,
TQ-1800.9500,,,,,,,,,
TQ-4400,,,,,,,,,
TQ-6500,,,,,,,,,
YB-0500,,,,,,,,,
YB-8000,Older Adults,Adults (31-54 years old),112-02,,,,,,
YB-9000,Young Adults,Young Adults (20-30 years old),112-03,,,,,,
YB-9500,Youth,Teens (13-19 years old),112-04,Children (2-12 years old),112-06,,,,
YB-9500.0500,Adolescents,Teens (13-19 years old),112-04,,,,,,
YB-9500.1500,Children,Children (2-12 years old),112-06,,,,,,
YB-9500.1500-630,,,,,,,,,
YB-9500.1500-650,,,,,,,,,
YB-9500.1500-680,,,,,,,,,
YB-9500.3300,Infants/Toddlers,Infants (0-1 years old),112-05,,,,,,
YB-9500.4500,,,,,,,,,
YC-1700,,,,,,,,,
YC-5000,,,,,,,,,
YC-5100,,,,,,,,,
YC-8000,,,,,,,,,
YD-3300,,,,,,,,,
YE-3300,Immigrants,Immigrants,114-01,,,,,,
YE-7000,Refugees/Entrants/Asylees,Refugees,114-02,,,,,,
YF-1500,,,,,,,,,
YF-1500.4500,,,,,,,,,
YF-1500.8000,,,,,,,,,
YF-1800,Developmental Disabilities,Developmental Disability,116-03,,,,,,
YF-1800.0400,Autism Spectrum Disorders,Autism,121-16,,,,,,
YF-1800.1500,Cerebral Palsy,Medical Care,106-06,,,,,,
YF-1800.5000,Intellectual Disabilities,Intellectual Disability,116-05,,,,,,
YF-1800.6000,Neurological Impairments,Medical Care,106-06,,,,,,
YF-2000,,,,,,,,,
YF-2200,,,,,,,,,
YF-3000,Health Conditions,Health Specialties,121,,,,,,
YF-3000.0040,,,,,,,,,
YF-3000.0100,,,,,,,,,
YF-3000.0160,,,,,,,,,
YF-3000.0200,,,,,,,,,
YF-3000.0270,AIDS/HIV,HIV/AIDS,121-07,,,,,,
YF-3000.0270-050,,,,,,,,,
YF-3000.0270-300,,,,,,,,,
YF-3000.0270-650,,,,,,,,,
YF-3000.0320,,,,,,,,,
YF-3000.0360,,,,,,,,,
YF-3000.0400,Alopecia,Medical Care,106-06,,,,,,
YF-3000.0440,Alzheimer's Disease,Alzheimers,121-03,,,,,,
YF-3000.0520,Amyotrophic Lateral Sclerosis,Medical Care,106-06,,,,,,
YF-3000.0560,,,,,,,,,
YF-3000.0560-800,,,,,,,,,
YF-3000.0600,,,,,,,,,
YF-3000.0660,,,,,,,,,
YF-3000.0700,,,,,,,,,
YF-3000.0800,Arthritis,Medical Care,106-06,,,,,,
YF-3000.0800-650,,,,,,,,,
YF-3000.0800-700,,,,,,,,,
YF-3000.0840,,,,,,,,,
YF-3000.0880,,,,,,,,,
YF-3000.0920,Asthma,Medical Care,106-06,,,,,,
YF-3000.1300,Brain Injuries,Medical Care,106-06,,,,,,
YF-3000.1300-120,,,,,,,,,
YF-3000.1400,,,,,,,,,
YF-3000.1480,Cancer,Cancer,121-02,,,,,,
YF-3000.1480-080,,,,,,,,,
YF-3000.1480-100,,,,,,,,,
YF-3000.1480-120,,,,,,,,,
YF-3000.1480-150,,,,,,,,,
YF-3000.1480-175.15,,,,,,,,,
YF-3000.1480-175.70,,,,,,,,,
YF-3000.1480-450,,,,,,,,,
YF-3000.1480-480,,,,,,,,,
YF-3000.1480-650,,,,,,,,,
YF-3000.1480-670,,,,,,,,,
YF-3000.1480-680,,,,,,,,,
YF-3000.1480-740,,,,,,,,,
YF-3000.1480-800,,,,,,,,,
YF-3000.1480-840,,,,,,,,,
YF-3000.1480-870,,,,,,,,,
YF-3000.1480-880,,,,,,,,,
YF-3000.1480-900,,,,,,,,,
YF-3000.1700,,,,,,,,,
YF-3000.1800,,,,,,,,,
YF-3000.2240,Crohn's Disease,Medical Care,106-06,Disease Management,106-09-04,,,,
YF-3000.2320,Cystic Fibrosis,Medical Care,106-06,,,,,,
YF-3000.2380,Dementia,Medical Care,106-06,,,,,,
YF-3000.2440,Diabetes,Diabetes,121-15,,,,,,
YF-3000.2560,Down Syndrome,Medical Care,106-06,,,,,,
YF-3000.3035,Epilepsy,Medical Care,106-06,,,,,,
YF-3000.3120,,,,,,,,,
YF-3000.3150,,,,,,,,,
YF-3000.3180,,,,,,,,,
YF-3000.3280,,,,,,,,,
YF-3000.3520,Heart Disease,Medical Care,106-06,Disease Management,106-09-04,,,,
YF-3000.3520-200,,,,,,,,,
YF-3000.3520-250,,,,,,,,,
YF-3000.3560,Hemophilia,Medical Care,106-06,,,,,,
YF-3000.3600,Hepatitis,Medical Care,106-06,Disease Management,106-09-04,,,,
YF-3000.3660,,,,,,,,,
YF-3000.3720,Huntington's Disease,Medical Care,106-06,Disease Management,106-09-04,,,,
YF-3000.3800,,,,,,,,,
YF-3000.4180,,,,,,,,,
YF-3000.4360,Kidney Disease,Medical Care,106-06,Disease Management,106-09-04,,,,
YF-3000.4480,,,,,,,,,
YF-3000.4520,Lead Poisoning,Medical Care,106-06,,,,,,
YF-3000.4640,Leukemia,Medical Care,106-06,Cancer Survivors,129-05,,,,
YF-3000.4800,,,,,,,,,
YF-3000.4840,,,,,,,,,
YF-3000.4850,Lymphoma,Medical Care,106-06,Cancer Survivors,129-05,,,,
YF-3000.4850-300,,,,,,,,,
YF-3000.4860,,,,,,,,,
YF-3000.5040,,,,,,,,,
YF-3000.5120,Multiple Sclerosis,Medical Care,106-06,,,,,,
YF-3000.5200,Muscular Dystrophy,Medical Care,106-06,,,,,,
YF-3000.5240,,,,,,,,,
YF-3000.5560,,,,,,,,,
YF-3000.5580,,,,,,,,,
YF-3000.5880,,,,,,,,,
YF-3000.6090,,,,,,,,,
YF-3000.6090-150,,,,,,,,,
YF-3000.6160,Parkinson's Disease,Medical Care,106-06,Disease Management,106-09-04,,,,
YF-3000.6680,,,,,,,,,
YF-3000.6840,,,,,,,,,
YF-3000.6840-100,,,,,,,,,
YF-3000.6960,,,,,,,,,
YF-3000.7160,,,,,,,,,
YF-3000.7640,,,,,,,,,
YF-3000.7740,Sexually Transmitted Disease,Medical Care,106-06,Disease Management,106-09-04,,,,
YF-3000.7740-120,,,,,,,,,
YF-3000.7740-270,,,,,,,,,
YF-3000.7740-800,,,,,,,,,
YF-3000.7960,,,,,,,,,
YF-3000.7960-600,,,,,,,,,
YF-3000.7960-800,,,,,,,,,
YF-3000.8080,Spina Bifida,Medical Care,106-06,,,,,,
YF-3000.8090,Spinal Cord Injuries,Medical Care,106-06,,,,,,
YF-3000.8200,Stroke,Medical Care,106-06,,,,,,
YF-3000.8240,,,,,,,,,
YF-3000.8400,,,,,,,,,
YF-3000.8460,,,,,,,,,
YF-3000.8640,,,,,,,,,
YF-3000.8760,Tuberculosis,Medical Care,106-06,,,,,,
YF-3000.8930,,,,,,,,,
YF-3200,Hearing Loss,Hearing Impairment,116-08,,,,,,
YF-3200.1700-020,,,,,,,,,
YF-3200.1700-160,,,,,,,,,
YF-3200.3000,,,,,,,,,
YF-3400,Homebound,Disability,116,,,,,,
YF-4500,Learning Disabilities,Learning Disability,116-02,,,,,,
YF-4500.7000,,,,,,,,,
YF-5000,Mental Illness/Emotional Disabilities,Mental Illness,121-12,,,,,,
YF-5000.0300,,,,,,,,,
YF-5000.0500,,,,,,,,,
YF-5000.0500-550,,,,,,,,,
YF-5000.0500-600,,,,,,,,,
YF-5000.0500-650,,,,,,,,,
YF-5000.0500-800,,,,,,,,,
YF-5000.1100,Chronic/Severe Mental Illness,Chronic Illness,121-13,,,,,,
YF-5000.1700,Disorders of Infancy/Childhood,Developmental Disability,116-03,,,,,,
YF-5000.1700-050,Attention Deficit/Hyperactivity Disorder,Mental Health,106-07,,,,,,
YF-5000.1700-100,,,,,,,,,
YF-5000.1700-150,,,,,,,,,
YF-5000.1700-650,,,,,,,,,
YF-5000.1900,,,,,,,,,
YF-5000.2100,Dual Diagnosis,Co-ocurring Mental Health Treatment Provided,132-06,,,,,,
YF-5000.2150,Eating Disorders,Mental Health,106-07,,,,,,
YF-5000.2150-050,,,,,,,,,
YF-5000.2150-100,,,,,,,,,
YF-5000.3300,,,,,,,,,
YF-5000.3300-540,,,,,,,,,
YF-5000.3300-800,,,,,,,,,
YF-5000.5050,,,,,,,,,
YF-5000.5050-100,,,,,,,,,
YF-5000.5050-170.50,,,,,,,,,
YF-5000.5050-170.65,,,,,,,,,
YF-5000.5400,,,,,,,,,
YF-5000.5400-030,,,,,,,,,
YF-5000.5400-620,,,,,,,,,
YF-5000.5550,,,,,,,,,
YF-5000.5550-200,,,,,,,,,
YF-5000.5550-800,,,,,,,,,
YF-5000.7160,,,,,,,,,
YF-5000.8100-650,,,,,,,,,
YF-5500,,,,,,,,,
YF-5500.1800,,,,,,,,,
YF-6000,Patients,Medical Care,106-06,Health,106,,,,
YF-6000.3300,,,,,,,,,
YF-6000.6000,,,,,,,,,
YF-6000.6500,,,,,,,,,
YF-6000.8000,Surgical Patients,Medical Care,106-06,Health,106,,,,
YF-6000.8000-180,,,,,,,,,
YF-6000.8000-300,,,,,,,,,
YF-6000.8000-500,,,,,,,,,
YF-6000.8000-950,,,,,,,,,
YF-6500,Physical Disabilities,Physical Disability,116-04,,,,,,
YF-6500.0500,,,,,,,,,
YF-6500.6250,,,,,,,,,
YF-6500.6450,,,,,,,,,
YF-6500.6450-600,,,,,,,,,
YF-6500.9500,,,,,,,,,
YF-8000,,,,,,,,,
YF-8000.0500,,,,,,,,,
YF-8000.0500-180,,,,,,,,,
YF-8000.0500-330,,,,,,,,,
YF-8000.0500-850,,,,,,,,,
YF-8000.1800,,,,,,,,,
YF-8000.1800-080,,,,,,,,,
YF-8000.1800-150,,,,,,,,,
YF-8000.1800-200,,,,,,,,,
YF-8000.1800-325,,,,,,,,,
YF-8000.1800-620,,,,,,,,,
YF-8000.1800-680,,,,,,,,,
YF-8000.1800-850,,,,,,,,,
YF-8500,Terminal Illness,Terminal Illness,121-06,Medical Care,106-06,,,,
YF-9000,Visual Impairments,Visual Impairment,116-09,Medical Care,106-06,,,,
YF-9000.0100,,,,,,,,,
YG-8000,,,,,,,,,
YG-8000.1900,,,,,,,,,
YG-8000.3000,,,,,,,,,
YG-8000.8000,,,,,,,,,
YH-0500,Asian Community,Asian,127-02,,,,,,
YH-0500.4000,,,,,,,,,
YH-1800.4900,,,,,,,,,
YH-6000.0250,African American Community,African American,127-01,,,,,,
YH-6000.3100,Hispanic/Latino Community,Latinx,127-03,,,,,,
YH-6000.6000,Native American Community,Native American,127-04,,,,,,
YH-7000,,,,,,,,,
YJ-0500,,,,,,,,,
YJ-0500.0100,,,,,,,,,
YJ-0500.0300,,,,,,,,,
YJ-0500.0500,,,,,,,,,
YJ-0900,Bereaved Individuals,Bereavement,108-09-09-02,,,,,,
YJ-0900.1100,,,,,,,,,
YJ-0900.1150,,,,,,,,,
YJ-0900.1250,,,,,,,,,
YJ-0900.1350,,,,,,,,,
YJ-0900.1350-950,,,,,,,,,
YJ-0900.1350-970,,,,,,,,,
YJ-1400,,,,,,,,,
YJ-1550,,,,,,,,,
YJ-2030,Ex-Offenders,Ex-Offenders,115-01,,,,,,
YJ-2050,Families of Military Personnel/Veterans,Support Network,108-09,Armed Forces,113,,,,
YJ-2075.1500,,,,,,,,,
YJ-2200,,,,,,,,,
YJ-4000,,,,,,,,,
YJ-4840,Families/Friends of Individuals With an Alcohol Use Disorder,Support Network,108-09,Substance Use Disorder,106-01,Alcohol Use Disorders,106-01-02-01-02,,
YJ-4840.1500,,,,,,,,,
YJ-4850,Families/Friends of Individuals With a Drug Use Disorder,Support Network,108-09,Substance Use Disorder,106-01,,,,
YJ-4850.1500,,,,,,,,,
YJ-5000.1500,,,,,,,,,
YJ-5065,,,,,,,,,
YJ-5500,Families/Friends of Mentally Ill,Support Network,108-09,Understand Mental Health,106-04-08,,,,
YJ-6740,Families/Friends of People With Cancer,Support Network,108-09,Cancer Survivors,129-05,,,,
YJ-6750,Families/Friends of People With Disabilities,Support Network,108-09,Understand Disability,106-04-07,,,,
YJ-6750.6500,,,,,,,,,
YJ-7000,,,,,,,,,
YJ-8500,,,,,,,,,
YJ-8630.1500,,,,,,,,,
YJ-8630.1800,,,,,,,,,
YJ-8750.1500,,,,,,,,,
YJ-8750.6000,,,,,,,,,
YJ-8800,,,,,,,,,
YJ-9000,,,,,,,,,
YK-1500,Couples,Spouses,128-02,,,,,,
YK-1500.5000,,,,,,,,,
YK-1500.8000,,,,,,,,,
YK-2000,Families,Family Friendly,122,,,,,,
YK-2000.0200,,,,,,,,,
YK-2000.2000,Families With Adolescents,Families with Children,122-01,Parents,128-06,,,,
YK-2000.2100,Families With Children,Families with Children,122-01,,,,,,
YK-2000.2200,Families With Infants/Toddlers,Families with Children,122-01,Infants (0-1 years old),112-05,,,,
YK-2000.2400,Foster Families,Adoption & Foster Parenting,108-01-02,,,,,,
YK-2000.8000,,,,,,,,,
YK-2000.8000-500,,,,,,,,,
YK-2000.8000-900,,,,,,,,,
YK-6500,Parents,Parents,128-06,,,,,,
YK-6500.0500,Adoptive Parents,Parents,128-06,Adoption & Foster Parenting,108-01-02,Adoption & Foster Placement,108-01-01,,
YK-6500.1000,,,,,,,,,
YK-6500.1500,,,,,,,,,
YK-6500.1800-900,,,,,,,,,
YK-6500.1900,Fathers,Fathers,128-04,,,,,,
YK-6500.2000,,,,,,,,,
YK-6500.2500,Grandparents,Seniors (55+ years old),112-07,,,,,,
YK-6500.4050,,,,,,,,,
YK-6500.4900,Mothers,Mothers,128-05,,,,,,
YK-6500.5000,,,,,,,,,
YK-6500.6260,Parents of Infants/Toddlers,Families with Children,122-01,Parents,128-06,,,,
YK-6500.6280,,,,,,,,,
YK-6500.6300,,,,,,,,,
YK-6500.6330,,,,,,,,,
YK-6500.6350,,,,,,,,,
YK-6500.6400,,,,,,,,,
YK-6500.6500,,,,,,,,,
YK-6500.6550,,,,,,,,,
YK-6500.6600,Pregnant Women,Pregnant,121-01,,,,,,
YK-6500.6600-500,,,,,,,,,
YK-6500.6600-550,,,,,,,,,
YK-6500.6600-570,,,,,,,,,
YK-6500.8000,,,,,,,,,
YK-6500.8000-800,,,,,,,,,
YK-6500.8000-830,,,,,,,,,
YK-6500.8100,,,,,,,,,
YK-6500.8500,Teenage Parents,Parenting Education,109-03-07-04,,,,,,
YK-6500.8500-850,,,,,,,,,
YK-6500.8500-900,,,,,,,,,
YK-8000.0500,,,,,,,,,
YK-8000.1300,,,,,,,,,
YK-8000.1500,,,,,,,,,
YK-8000.2000,,,,,,,,,
YK-8000.5000,,,,,,,,,
YK-8200,,,,,,,,,
YK-8200.8100,,,,,,,,,
YL-3300.4500,,,,,,,,,
YL-3500.1900,,,,,,,,,
YL-3500.1910,,,,,,,,,
YL-3500.4000,,,,,,,,,
YL-3500.7000,,,,,,,,,
YL-3500.9010,,,,,,,,,
YM-2900,Homeowners,Housing Advice,103-05,Homebuyer Education,107-03-03,Housing,103,,
YM-2900.2000,First Time Homeowners,Housing Advice,103-05,Homebuyer Education,107-03-03,Housing,103,,
YM-7000,,,,,,,,,
YM-8250.8000,,,,,,,,,
YM-8300,,,,,,,,,
YM-8500,,,,,,,,,
YN-0500.0500,Active Military,Active Duty,113-01,,,,,,
YN-9000,Veterans,Veterans,113-03,,,,,,
YO-0300.1500-600,,,,,,,,,
YO-1000.2000,,,,,,,,,
YO-1000.3200-390,,,,,,,,,
YO-1550.1400,,,,,,,,,
YO-1550.1500,,,,,,,,,
YO-1550.3300,,,,,,,,,
YO-1550.8000,,,,,,,,,
YO-2000.8000-850,,,,,,,,,
YO-3000.1800-100,,,,,,,,,
YO-3000.5000-300,,,,,,,,,
YO-3000.5050,,,,,,,,,
YO-3000.6000-600,,,,,,,,,
YO-3000.6400,,,,,,,,,
YO-3000.7150-650,,,,,,,,,
YO-3000.7150-750,,,,,,,,,
YO-3000.7150-800,,,,,,,,,
YO-4950.1300-250,,,,,,,,,
YO-5000,,,,,,,,,
YO-5000.5000,,,,,,,,,
YO-5000.5200,,,,,,,,,
YO-5000.6400,,,,,,,,,
YO-6500,,,,,,,,,
YO-6500.1800,,,,,,,,,
YO-6500.2000,,,,,,,,,
YO-6900,,,,,,,,,
YO-8200.6400,,,,,,,,,
YP-1000,,,,,,,,,
YP-1000.0500-330,,,,,,,,,
YP-1450,,,,,,,,,
YP-1800,,,,,,,,,
YP-1900,,,,,,,,,
YP-3300,,,,,,,,,
YP-3300.3300,,,,,,,,,
YP-3500,,,,,,,,,
YP-3500.1500,,,,,,,,,
YP-3500.8000,,,,,,,,,
YP-8000,,,,,,,,,
YR-1500,,,,,,,,,
YR-3500,,,,,,,,,
YS-2000,Females,Women,119-01,,,,,,
YS-2000.2500,,,,,,,,,
YS-2000.9500,Women,Women,119-01,,,,,,
YS-5000,Males,Men,119-02,,,,,,
YS-5000.1000,,,,,,,,,
YS-5000.5000,Men,Men,119-02,,,,,,
YT-2400.2500*,,,,"*Found code YT-2400 - Gay/Lesbian/Bisexual/Transgender Individuals, but nothing with this code level",,,,,
YT-2400.4500*,,,,"*Found code YT-2400 - Gay/Lesbian/Bisexual/Transgender Individuals, but nothing with this code level",,,,,
YV-3000,Homeless People,Homeless,123-02,,,,,,
YV-3000.3000,,,,,,,,,
YV-3000.3050,,,,,,,,,
YV-3000.3100,,,,,,,,,
YV-3000.3150,,,,,,,,,
YV-3000.8000,,,,,,,,,
YV-5000,,,,,,,,,
YV-8500,Travelers,,,,,,,,
YX-0300,,,,,,,,,
YX-0300.0100,,,,,,,,,
YX-0300.0150,,,,,,,,,
YX-0300.0190,,,,,,,,,
YX-0300.8100,,,,,,,,,
YX-0500,Abused Children,Abuse or Neglect Survivors,129-03,,,,,,
YX-0500.1800,,,,,,,,,
YX-0500.6000,,,,,,,,,
YX-0500.6400,Physically Abused Children,Abuse or Neglect Survivors,129-03,,,,,,
YX-0500.8000,,,,,,,,,
YX-0500.8000-800,,,,,,,,,
YX-1500,Crime Victims,Survivors,129,All Survivors,129-01,Trauma Survivors,129-02,,
YX-1500.8500,,,,,,,,,
YX-1550,,,,,,,,,
YX-1550.1500,,,,,,,,,
YX-1800,,,,,,,,,
YX-1800.2000,,,,,,,,,
YX-1800.2100,,,,,,,,,
YX-1800.3000,,,,,,,,,
YY-0500.0400,,,,,,,,,
YY-0500.0500,,,,,,,,,
YY-0500.6000,,,,,,,,,
YY-0500.9500,,,,,,,,,
YY-1800,,,,,,,,,
YY-8000,,,,,,,,,
YY-9000,,,,,,,,,
YZ-0100,Abortion Issues,Family Planning,109-03-07-02,,,,,,
YZ-0150,Addictions/Dependencies Issues,Substance Use Disorder,106-01,,,,,,
YZ-0200,Adoption/Foster Care Issues,Adoption & Foster Placement,108-01-01,Adoption & Foster Parenting,108-01-02,,,,
YZ-0330,,,,,,,,,
YZ-0350,AIDS/HIV Issues,Medical Care,106-06,Disease Management,106-04-02,Disease Screening,106-06-04-02,,
YZ-0400,,,,,,,,,
YZ-0430,,,,,,,,,
YZ-0450,,,,,,,,,
YZ-1420,,,,,,,,,
YZ-1450,,,,,,,,,
YZ-1470,Child Care Issues,Childcare,108-04-04,Help Find Childcare,108-04-04-01,Help Pay for Childcare,108-04-04-02,,
YZ-1480,,,,,,,,,
YZ-1500,Civil Rights Issues,Discrimination & Civil Rights,111-01-03,,,,,,
YZ-1530,,,,,,,,,
YZ-1550,Consumer Issues,,,,,,,,
YZ-1600,,,,,,,,,
YZ-1660,,,,,,,,,
YZ-1670,,,,,,,,,
YZ-1680,Developmental Issues,Developmental Disability,116-03,,,,,,
YZ-1700,,,,,,,,,
YZ-1730,,,,,,,,,
YZ-1740,,,,,,,,,
YZ-1750,Domestic Violence Issues,Domestic Violence Survivors,129-09,,,,,,
YZ-1800,,,,,,,,,
YZ-1850,Education Issues,Help Find Work,108-06-05,,,,,,
YZ-1930,,,,,,,,,
YZ-1950,Employment Issues,Employment,118,,,,,,
YZ-1990,Environmental Issues,,,,,,,,
YZ-2050,Family Planning Issues,Family Planning,109-03-07-02,,,,,,
YZ-2100,,,,,,,,,
YZ-2450,Gambling Issues,,,,,,,,
YZ-2550,,,,,,,,,
YZ-3050,Health Issues,Health,106,,,,,,
YZ-3100,,,,,,,,,
YZ-3150,,,,,,,,,
YZ-3250,Human Rights Issues,Discrimination & Civil Rights,111-01-03,Legal,111,,,,
YZ-3260,,,,,,,,,
YZ-4500,Legal Issues,Legal,111,,,,,,
YZ-4650,Literacy Issues,Education,117,,,,,,
YZ-4750,,,,,,,,,
YZ-5000,Mental Health Issues,Mental Health,106-07,Mental Illness,116-10,,,,
YZ-6000,,,,,,,,,
YZ-6100,,,,,,,,,
YZ-6150,,,,,,,,,
YZ-6200,Parenting Issues,Parenting Education,108-09-09-03,,,,,,
YZ-6700,Prescription Drug Issues,Prescription Assistance,107-01-03-05,,,,,,
YZ-6910,,,,,,,,,
YZ-6930,,,,,,,,,
YZ-6950,,,,,,,,,
YZ-8100,,,,,,,,,
YZ-8200,Sexual Assault Issues,Sexual Assault Survivors,129-12,,,,,,
YZ-8270,,,,,,,,,
YZ-8300,,,,,,,,,
YZ-8400,Substance Use Disorder Issues,Substance Use Disorder,106-01,,,,,,
YZ-8420,,,,,,,,,
YZ-8450,Tax Issues,Tax Preparation,107-05,,,,,,
YZ-8480,,,,,,,,,
YZ-8520,,,,,,,,,
YZ-8650,Utility Issues,Help Pay for Utilities,101-02-06,Help Pay for Utilities,103-03-01,,,,
YZ-9000,Womens Issues,Women,119-01,,,,,,
YZ-8850,,,,,,,,,
YZ-9800,,,,,,,,,
